--
-- Database: `scalr`
--

INSERT INTO `roles` (`id`, `name`, `origin`, `client_id`, `env_id`, `description`, `behaviors`, `architecture`, `is_stable`, `is_devel`, `history`, `approval_state`, `generation`, `os`, `szr_version`) VALUES
(16161, 'mysqllvm-centos-5-4', 'SHARED', 0, 0, 'MySQL (v5.0.77) role on CentOS 5.4 i386 EBS', 'mysql', 'i386', 1, 0, '', NULL, 2, 'CentOS 5.4', '0.6.21'),
(16162, 'mysqllvm64-centos-5-4', 'SHARED', 0, 0, 'MySQL (v5.0.77) role on CentOS 5.4 x86_64 EBS', 'mysql', 'x86_64', 1, 0, '', NULL, 2, 'CentOS 5.4', '0.6.21'),
(16163, 'base-centos-5-4', 'SHARED', 0, 0, 'Base role on CentOS 5.4 i386 EBS', 'base', 'i386', 1, 0, '', NULL, 2, 'CentOS 5.4', '0.6.21'),
(16164, 'base64-centos-5-4', 'SHARED', 0, 0, 'Base role on CentOS 5.4 x86_64 EBS ', 'base', 'x86_64', 1, 0, '', NULL, 2, 'CentOS 5.4', '0.6.21'),
(18015, 'app-apache-centos-ebs', 'SHARED', 0, 0, 'Can act as a backend (if farm contains load balancer role) or frontend web server.', 'app', 'i386', 1, 0, NULL, 'Approved', 2, 'CentOS 5.5 Final', '0.6.21'),
(18016, 'app-apache64-centos-ebs', 'SHARED', 0, 0, 'Can act as a backend (if farm contains load balancer role) or frontend web server.', 'app', 'x86_64', 1, 0, NULL, 'Approved', 2, 'CentOS 5.5. Final', '0.6.21'),
(18017, 'lb-nginx-centos-ebs', 'SHARED', 0, 0, 'Frontend web server/load balancer, running nginx. Proxies all requests to all instances of Application Server role.', 'www', 'i386', 1, 0, NULL, 'Approved', 2, 'CentOS 5.5 Final', '0.6.21'),
(18018, 'lb-nginx64-centos-ebs', 'SHARED', 0, 0, 'Frontend web server/load balancer, running nginx. Proxies all requests to all instances of Application Server role.', 'www', 'x86_64', 1, 0, NULL, 'Approved', 2, 'CentOS 5.5. Final', '0.6.21'),
(18367, 'lamp-centos-ebs', 'SHARED', 0, 0, 'Clasic LAMP', 'mysql,app', 'i386', 1, 0, NULL, 'Approved', 2, 'CentOS 5.5 Final', '0.6.21'),
(18368, 'lamp64-centos-ebs', 'SHARED', 0, 0, 'Classic LAMP', 'mysql,app', 'x86_64', 1, 0, NULL, 'Approved', 2, 'CentOS 5.5 Final', '0.6.21'),
(18615, 'base-ubuntu-ebs', 'SHARED', 0, 0, 'Base role', 'base', 'i386', 1, 0, NULL, 'Approved', 2, 'Ubuntu 10.04', '0.6.21'),
(18616, 'base64-ubuntu-ebs', 'SHARED', 0, 0, 'Base role', 'base', 'x86_64', 1, 0, NULL, 'Approved', 2, 'Ubuntu 10.04', '0.6.21'),
(18617, 'app-apache-ubuntu-ebs', 'SHARED', 0, 0, 'Can act as a backend (if farm contains load balancer role) or frontend web server. ', 'app', 'i386', 1, 0, NULL, 'Approved', 2, 'Ubuntu 10.04', '0.6.21'),
(18618, 'app-apache64-ubuntu-ebs', 'SHARED', 0, 0, 'Can act as a backend (if farm contains load balancer role) or frontend web server. ', 'app', 'x86_64', 1, 0, NULL, 'Approved', 2, 'Ubuntu 10.04', '0.6.21'),
(18619, 'lb-nginx-ubuntu-ebs', 'SHARED', 0, 0, 'Frontend web server/load balancer, running nginx. Proxies all requests to all instances of Application Server role. ', 'www', 'i386', 1, 0, NULL, 'Approved', 2, 'Ubuntu 10.04', '0.6.21'),
(18620, 'lb-nginx64-ubuntu-ebs', 'SHARED', 0, 0, 'Frontend web server/load balancer, running nginx. Proxies all requests to all instances of Application Server role. ', 'www', 'x86_64', 1, 0, NULL, 'Approved', 2, 'Ubuntu 10.04', '0.6.21'),
(18621, 'mysqllvm-ubuntu-ebs', 'SHARED', 0, 0, 'MySQL database server. Scalr automatically assigns master and slave roles, if multiple instances launched, and re-assigns during scaling or curing.', 'mysql', 'i386', 1, 0, NULL, 'Approved', 2, 'Ubuntu 10.04', '0.6.21'),
(18622, 'mysqllvm64-ubuntu-ebs', 'SHARED', 0, 0, 'MySQL database server. Scalr automatically assigns master and slave roles, if multiple instances launched, and re-assigns during scaling or curing.', 'mysql', 'x86_64', 1, 0, NULL, 'Approved', 2, 'Ubuntu 10.04', '0.6.21'),
(18623, 'lamp-ubuntu-ebs', 'SHARED', 0, 0, 'Classic LAMP (Linux Apache PHP MySQL)', 'mysql,app', 'i386', 1, 0, NULL, 'Approved', 2, 'Ubuntu 10.04', '0.6.21'),
(18624, 'lamp64-ubuntu-ebs', 'SHARED', 0, 0, 'Classic LAMP (Linux Apache PHP MySQL)', 'mysql,app', 'x86_64', 1, 0, NULL, 'Approved', 2, 'Ubuntu 10.04', '0.6.21'),
(22461, 'base64-hvm-centos-5-4', 'SHARED', 0, 0, '', 'base,chef', 'x86_64', 1, 0, NULL, 'Approved', 2, 'CentOS 5.4', NULL),
(24151, 'percona64-ubuntu1004', 'SHARED', 0, 0, 'An enhanced replacement for MySQL with better performance, scalability, tunability, and instrumentation. Over 250,000 downloads.', 'mysql,chef', 'x86_64', 1, 0, NULL, 'Approved', 2, 'Ubuntu 10.04', NULL),
(24154, 'percona-ubuntu1004', 'SHARED', 0, 0, 'An enhanced replacement for MySQL with better performance, scalability, tunability, and instrumentation. Over 250,000 downloads.', 'mysql,chef', 'i386', 1, 0, NULL, 'Approved', 2, 'Ubuntu 10.04', NULL),
(24156, 'percona64-centos55', 'SHARED', 0, 0, 'An enhanced replacement for MySQL with better performance, scalability, tunability, and instrumentation. Over 250,000 downloads.', 'mysql,chef', 'x86_64', 1, 0, NULL, 'Approved', 2, 'CentOS 5.5 Final', NULL),
(24159, 'percona-centos55', 'SHARED', 0, 0, 'An enhanced replacement for MySQL with better performance, scalability, tunability, and instrumentation. Over 250,000 downloads.', 'mysql,chef', 'i386', 1, 0, NULL, 'Approved', 2, 'CentOS 5.5 Final', NULL),
(25052, 'base64-windows2008', 'SHARED', 0, 0, '', 'base', 'x86_64', 1, 0, NULL, 'Approved', 2, 'Windows 2008 Server', '0.8.0'),
(25056, 'base-windows2008', 'SHARED', 0, 0, '', 'base', 'i386', 1, 0, NULL, 'Approved', 2, 'Windows 2008 Server', '0.8.0'),
(25162, 'base-windows2003', 'SHARED', 0, 0, '', 'base', 'i386', 1, 0, NULL, 'Approved', 2, 'Windows 2003 Server', NULL),
(25163, 'base64-windows2003', 'SHARED', 0, 0, '', 'base', 'x86_64', 1, 0, NULL, 'Approved', 2, 'Windows 2003 Server', NULL),
(25952, 'memcached64-ubuntu1004', 'SHARED', 0, 0, '', 'memcached', 'x86_64', 1, 0, NULL, 'Approved', 2, 'Ubuntu 10.04 lucid', NULL),
(25955, 'memcached-ubuntu1004', 'SHARED', 0, 0, '', 'memcached', 'i386', 1, 0, NULL, 'Approved', 2, 'Ubuntu 10.04 lucid', NULL),
(25957, 'memcached64-centos55', 'SHARED', 0, 0, '', 'memcached', 'x86_64', 1, 0, NULL, 'Approved', 2, 'CentOS 5.5 Final', NULL),
(25958, 'memcached-centos55', 'SHARED', 0, 0, '', 'memcached', 'i386', 1, 0, NULL, 'Approved', 2, 'CentOS 5.5 Final', NULL),
(26539, 'postgresql-ubuntu1004', 'SHARED', 0, 0, 'PostgreSQL database server. Scalr automatically assigns master and slave roles, if multiple instances launched, and re-assigns during scaling or curing.', 'postgresql', 'i386', 1, 0, NULL, 'Approved', 2, 'Ubuntu 10.04', '0.7.74'),
(26542, 'postgresql64-ubuntu1004', 'SHARED', 0, 0, 'PostgreSQL database server. Scalr automatically assigns master and slave roles, if multiple instances launched, and re-assigns during scaling or curing.', 'postgresql', 'x86_64', 1, 0, NULL, 'Approved', 2, 'Ubuntu 10.04', '0.7.74'),
(26543, 'postgresql-centos55', 'SHARED', 0, 0, 'PostgreSQL database server. Scalr automatically assigns master and slave roles, if multiple instances launched, and re-assigns during scaling or curing.', 'postgresql', 'i386', 1, 0, NULL, 'Approved', 2, 'CentOS 5.5 Final', '0.7.74'),
(26544, 'postgresql64-centos55', 'SHARED', 0, 0, 'PostgreSQL database server. Scalr automatically assigns master and slave roles, if multiple instances launched, and re-assigns during scaling or curing.', 'postgresql', 'x86_64', 1, 0, NULL, 'Approved', 2, 'CentOS 5.5 Final', '0.7.74'),
(27481, 'redis64-ubuntu1004', 'SHARED', 0, 0, 'Redis is an open source, advanced key-value store. It is often referred to as a data structure server since keys can contain strings, hashes, lists, sets and sorted sets.', 'redis', 'x86_64', 1, 0, NULL, 'Approved', 2, 'Ubuntu 10.04 lucid', '0.7.95'),
(27482, 'redis64-centos55', 'SHARED', 0, 0, 'Redis is an open source, advanced key-value store. It is often referred to as a data structure server since keys can contain strings, hashes, lists, sets and sorted sets.', 'redis', 'x86_64', 1, 0, NULL, 'Approved', 2, 'CentOS 5.5 Final', '0.7.95'),
(27506, 'redis-ubuntu1004', 'SHARED', 0, 0, 'Redis is an open source, advanced key-value store. It is often referred to as a data structure server since keys can contain strings, hashes, lists, sets and sorted sets.', 'redis', 'i386', 1, 0, NULL, 'Approved', 2, 'Ubuntu 10.04 lucid', '0.7.95'),
(27507, 'redis-centos55', 'SHARED', 0, 0, 'Redis is an open source, advanced key-value store. It is often referred to as a data structure server since keys can contain strings, hashes, lists, sets and sorted sets.', 'redis', 'i386', 1, 0, NULL, 'Approved', 2, 'CentOS 5.5 Final', '0.7.95'),
(28917, 'cf-all64-ubuntu1004', 'SHARED', 0, 0, 'CloudFoundry all in one role\n* Nginx\n* Router\n* CloudController\n* Health Manager\n* DEA', 'www,cf_router,cf_cloud_controller,cf_health_manager,cf_dea,cf_service', 'x86_64', 1, 0, NULL, 'Approved', 2, 'Ubuntu 10.04 lucid', '0.7.100'),
(28921, 'cf-router64-ubuntu1004', 'SHARED', 0, 0, 'CloudFoundry Router component', 'cf_router', 'x86_64', 1, 0, NULL, 'Approved', 2, 'Ubuntu 10.04 lucid', '0.7.100'),
(28922, 'cf-dea64-ubuntu1004', 'SHARED', 0, 0, 'CloudFoundry DEA component', 'cf_dea', 'x86_64', 1, 0, NULL, 'Approved', 2, 'Ubuntu 10.04 lucid', '0.7.100'),
(28925, 'cf-cchm64-ubuntu1004', 'SHARED', 0, 0, 'CloudFoundry cloud controller component\n\n* Cloud controller\n* Health manager', 'cf_cloud_controller,cf_health_manager', 'x86_64', 1, 0, NULL, 'Approved', 2, 'Ubuntu 10.04 lucid', '0.7.100'),
(31011, 'rabbitmq64-ubuntu1004', 'SHARED', 0, 0, 'RabbitMQ is a complete and highly reliable enterprise messaging system based on the emerging AMQP standard', 'rabbitmq', 'x86_64', 1, 0, NULL, 'Approved', 2, 'Ubuntu 10.04 lucid', '0.7.130'),
(31024, 'rabbitmq-ubuntu1004', 'SHARED', 0, 0, 'RabbitMQ is a complete and highly reliable enterprise messaging system based on the emerging AMQP standard', 'rabbitmq', 'i386', 1, 0, NULL, 'Approved', 2, 'Ubuntu 10.04 lucid', '0.7.130'),
(33205, 'mongodb64-ubuntu1004', 'SHARED', 0, 0, 'MongoDB (from "humongous") is a scalable, high-performance, open source NoSQL database. ', 'mongodb,chef', 'x86_64', 1, 0, NULL, 'Approved', 2, 'Ubuntu 10.04 lucid', '0.7.150'),
(33206, 'mongodb64-centos57', 'SHARED', 0, 0, 'MongoDB (from "humongous") is a scalable, high-performance, open source NoSQL database. ', 'mongodb,chef', 'x86_64', 1, 0, NULL, 'Approved', 2, 'CentOS 5.7', '0.7.150'),
(35144, 'base64-hvm-ubuntu1110', 'SHARED', 0, 0, '', 'base', 'x86_64', 1, 0, NULL, 'Approved', 2, 'Ubuntu 11.10 oneiric', '0.7.178'),
(38240, 'base-ubuntu1204', 'SHARED', 0, 0, 'Base role', 'base', 'i386', 1, 0, NULL, 'Approved', 2, 'Ubuntu 12.04 precise', '0.7.221'),
(38241, 'base64-ubuntu1204', 'SHARED', 0, 0, 'Base role', 'base', 'x86_64', 1, 0, NULL, 'Approved', 2, 'Ubuntu 12.04 precise', '0.7.221'),
(38242, 'redis-ubuntu1204', 'SHARED', 0, 0, 'Redis is an open source, advanced key-value store. It is often referred to as a data structure server since keys can contain strings, hashes, lists, sets and sorted sets.', 'redis', 'i386', 1, 0, NULL, 'Approved', 2, 'Ubuntu 12.04 precise', '0.7.221'),
(38243, 'redis64-ubuntu1204', 'SHARED', 0, 0, 'Redis is an open source, advanced key-value store. It is often referred to as a data structure server since keys can contain strings, hashes, lists, sets and sorted sets.', 'redis', 'x86_64', 1, 0, NULL, 'Approved', 2, 'Ubuntu 12.04 precise', '0.7.221'),
(38244, 'postgresql-ubuntu1204', 'SHARED', 0, 0, 'PostgreSQL database server. Scalr automatically assigns master and slave roles, if multiple instances launched, and re-assigns during scaling or curing.', 'postgresql', 'i386', 1, 0, NULL, 'Approved', 2, 'Ubuntu 12.04 precise', '0.7.221'),
(38245, 'postgresql64-ubuntu1204', 'SHARED', 0, 0, 'PostgreSQL database server. Scalr automatically assigns master and slave roles, if multiple instances launched, and re-assigns during scaling or curing.', 'postgresql', 'x86_64', 1, 0, NULL, 'Approved', 2, 'Ubuntu 12.04 precise', '0.7.221'),
(38246, 'mongodb64-ubuntu1204', 'SHARED', 0, 0, 'MongoDB (from "humongous") is a scalable, high-performance, open source NoSQL database. ', 'mongodb,chef', 'x86_64', 1, 0, NULL, 'Approved', 2, 'Ubuntu 12.04 precise', '0.7.221'),
(38353, 'lb-nginx-ubuntu1204', 'SHARED', 0, 0, 'Frontend web server/load balancer, running nginx. Proxies all requests to all instances of Application Server role.', 'www', 'i386', 1, 0, NULL, 'Approved', 2, 'Ubuntu 12.04 precise', '0.7.222'),
(38354, 'lb-nginx64-ubuntu1204', 'SHARED', 0, 0, 'Frontend web server/load balancer, running nginx. Proxies all requests to all instances of Application Server role.', 'www', 'x86_64', 1, 0, NULL, 'Approved', 2, 'Ubuntu 12.04 precise', '0.7.222'),
(38355, 'app-apache-ubuntu1204', 'SHARED', 0, 0, 'Can act as a backend (if farm contains load balancer role) or frontend web server.', 'app', 'i386', 1, 0, NULL, 'Approved', 2, 'Ubuntu 12.04 precise', '0.7.222'),
(38356, 'app-apache64-ubuntu1204', 'SHARED', 0, 0, 'Can act as a backend (if farm contains load balancer role) or frontend web server.', 'app', 'x86_64', 1, 0, NULL, 'Approved', 2, 'Ubuntu 12.04 precise', '0.7.222'),
(39551, 'mysql-ubuntu1204', 'SHARED', 0, 0, 'MySQL database server. Scalr automatically assigns master and slave roles, if multiple instances launched, and re-assigns during scaling or curing.', 'mysql2', 'i386', 1, 0, NULL, 'Approved', 2, 'Ubuntu 12.04 oneiric', '0.7.232'),
(39552, 'mysql64-ubuntu1204', 'SHARED', 0, 0, 'MySQL database server. Scalr automatically assigns master and slave roles, if multiple instances launched, and re-assigns during scaling or curing.', 'mysql2', 'x86_64', 1, 0, NULL, 'Approved', 2, 'Ubuntu 12.04 oneiric', '0.7.232'),
(41353, 'base64-hvm-ubuntu1204', 'SHARED', 0, 0, '', 'base', 'x86_64', 1, 0, NULL, 'Approved', 2, 'Ubuntu 12.04 precise', '0.9.r3706'),
(41402, 'base-centos6', 'SHARED', 0, 0, 'Base role', 'base', 'i386', 1, 0, NULL, 'Approved', 2, 'CentOS 6.X Final', '0.9.r3777'),
(41403, 'base64-centos6', 'SHARED', 0, 0, 'Base role', 'base', 'x86_64', 1, 0, NULL, 'Approved', 2, 'CentOS 6.X Final', '0.9.r3777'),
(41404, 'lb-nginx-centos6', 'SHARED', 0, 0, 'Frontend web server/load balancer, running nginx. Proxies all requests to all instances of Application Server role.', 'www', 'i386', 1, 0, NULL, 'Approved', 2, 'CentOS 6.X Final', '0.9.r3777'),
(41405, 'lb-nginx64-centos6', 'SHARED', 0, 0, 'Frontend web server/load balancer, running nginx. Proxies all requests to all instances of Application Server role.', 'www', 'x86_64', 1, 0, NULL, 'Approved', 2, 'CentOS 6.X Final', '0.9.r3777'),
(41406, 'app-apache-centos6', 'SHARED', 0, 0, 'Can act as a backend (if farm contains load balancer role) or frontend web server.', 'app', 'i386', 1, 0, NULL, 'Approved', 2, 'CentOS 6.X Final', '0.9.r3777'),
(41407, 'app-apache64-centos6', 'SHARED', 0, 0, 'Can act as a backend (if farm contains load balancer role) or frontend web server.', 'app', 'x86_64', 1, 0, NULL, 'Approved', 2, 'CentOS 6.X Final', '0.9.r3777'),
(41408, 'mysql-centos6', 'SHARED', 0, 0, 'MySQL database server. Scalr automatically assigns master and slave roles, if multiple instances launched, and re-assigns during scaling or curing.', 'mysql', 'i386', 1, 0, NULL, 'Approved', 2, 'CentOS 6.X Final', '0.9.r3777'),
(41409, 'mysql64-centos6', 'SHARED', 0, 0, 'MySQL database server. Scalr automatically assigns master and slave roles, if multiple instances launched, and re-assigns during scaling or curing.', 'mysql', 'x86_64', 1, 0, NULL, 'Approved', 2, 'CentOS 6.X Final', '0.9.r3777'),
(41410, 'percona-centos6', 'SHARED', 0, 0, 'An enhanced replacement for MySQL with better performance, scalability, tunability, and instrumentation. Over 250,000 downloads.', 'percona,chef', 'i386', 1, 0, NULL, 'Approved', 2, 'CentOS 6.X Final', '0.9.r3777'),
(41411, 'percona64-centos6', 'SHARED', 0, 0, 'An enhanced replacement for MySQL with better performance, scalability, tunability, and instrumentation. Over 250,000 downloads.', 'percona,chef', 'x86_64', 1, 0, NULL, 'Approved', 2, 'CentOS 6.X Final', '0.9.r3777'),
(41412, 'postgresql-centos6', 'SHARED', 0, 0, 'PostgreSQL database server. Scalr automatically assigns master and slave roles, if multiple instances launched, and re-assigns during scaling or curing.', 'postgresql', 'i386', 1, 0, NULL, 'Approved', 2, 'CentOS 6.X Final', '0.9.r3777'),
(41413, 'postgresql64-centos6', 'SHARED', 0, 0, 'PostgreSQL database server. Scalr automatically assigns master and slave roles, if multiple instances launched, and re-assigns during scaling or curing.', 'postgresql', 'x86_64', 1, 0, NULL, 'Approved', 2, 'CentOS 6.X Final', '0.9.r3777'),
(41414, 'redis-centos6', 'SHARED', 0, 0, 'Redis is an open source, advanced key-value store. It is often referred to as a data structure server since keys can contain strings, hashes, lists, sets and sorted sets.', 'redis', 'i386', 1, 0, NULL, 'Approved', 2, 'CentOS 6.X Final', '0.9.r3777'),
(41415, 'redis64-centos6', 'SHARED', 0, 0, 'Redis is an open source, advanced key-value store. It is often referred to as a data structure server since keys can contain strings, hashes, lists, sets and sorted sets.', 'redis', 'x86_64', 1, 0, NULL, 'Approved', 2, 'CentOS 6.X Final', '0.9.r3777'),
(41416, 'mongodb64-centos6', 'SHARED', 0, 0, 'MongoDB (from "humongous") is a scalable, high-performance, open source NoSQL database.\n', 'mongodb,chef', 'x86_64', 1, 0, NULL, 'Approved', 2, 'CentOS 6.X Final', '0.9.r3777'),
(44731, 'memcached64-centos6', 'SHARED', 0, 0, 'Memcached role', 'memcached', 'x86_64', 1, 0, NULL, 'Approved', 2, 'CentOS 6.1 Final', '0.9.4000'),
(44732, 'lamp64-centos6', 'SHARED', 0, 0, '', 'mysql,app', 'x86_64', 1, 0, NULL, 'Approved', 2, 'CentOS 6.1 Final', '0.9.4000'),
(45283, 'base64-hvm-centos6', 'SHARED', 0, 0, '', 'base,chef', 'x86_64', 1, 0, NULL, 'Approved', 2, 'CentOS 6.4 Final', '0.9.r4429');


INSERT INTO `role_behaviors` (`id`, `role_id`, `behavior`) VALUES
(47131, 16161, 'mysql'),
(47122, 16162, 'mysql'),
(49456, 16163, 'base'),
(48248, 16164, 'base'),
(47126, 18015, 'app'),
(47135, 18016, 'app'),
(47127, 18017, 'www'),
(47136, 18018, 'www'),
(47133, 18367, 'app'),
(47132, 18367, 'mysql'),
(47142, 18368, 'app'),
(47141, 18368, 'mysql'),
(57394, 18615, 'base'),
(57407, 18616, 'base'),
(57353, 18617, 'app'),
(57413, 18618, 'app'),
(57393, 18619, 'www'),
(57368, 18620, 'www'),
(57408, 18621, 'mysql'),
(57414, 18622, 'mysql'),
(57396, 18623, 'app'),
(57395, 18623, 'mysql'),
(57370, 18624, 'app'),
(57369, 18624, 'mysql'),
(54732, 22461, 'base'),
(54733, 22461, 'chef'),
(57379, 24151, 'chef'),
(57378, 24151, 'mysql'),
(57356, 24154, 'chef'),
(57355, 24154, 'mysql'),
(55868, 24156, 'chef'),
(47137, 24156, 'mysql'),
(55869, 24159, 'chef'),
(47128, 24159, 'mysql'),
(15780, 25052, 'base'),
(15787, 25056, 'base'),
(15965, 25162, 'base'),
(15967, 25163, 'base'),
(57371, 25952, 'memcached'),
(57351, 25955, 'memcached'),
(47138, 25957, 'memcached'),
(47129, 25958, 'memcached'),
(57391, 26539, 'postgresql'),
(57372, 26542, 'postgresql'),
(47096, 26543, 'postgresql'),
(47085, 26544, 'postgresql'),
(57377, 27481, 'redis'),
(47139, 27482, 'redis'),
(57352, 27506, 'redis'),
(47130, 27507, 'redis'),
(21704, 28917, 'cf_cloud_controller'),
(21706, 28917, 'cf_dea'),
(21705, 28917, 'cf_health_manager'),
(21703, 28917, 'cf_router'),
(21707, 28917, 'cf_service'),
(21702, 28917, 'www'),
(21713, 28921, 'cf_router'),
(21715, 28922, 'cf_dea'),
(21720, 28925, 'cf_cloud_controller'),
(21721, 28925, 'cf_health_manager'),
(57338, 31011, 'rabbitmq'),
(57354, 31024, 'rabbitmq'),
(57406, 33205, 'chef'),
(57405, 33205, 'mongodb'),
(55873, 33206, 'chef'),
(47140, 33206, 'mongodb'),
(32797, 35144, 'base'),
(54892, 38240, 'base'),
(39513, 38241, 'base'),
(54905, 38242, 'redis'),
(54927, 38243, 'redis'),
(54904, 38244, 'postgresql'),
(54926, 38245, 'postgresql'),
(55874, 38246, 'chef'),
(54924, 38246, 'mongodb'),
(54906, 38353, 'www'),
(54930, 38354, 'www'),
(54903, 38355, 'app'),
(54925, 38356, 'app'),
(54907, 39551, 'mysql2'),
(54923, 39552, 'mysql2'),
(45798, 41353, 'base'),
(46276, 41402, 'base'),
(53566, 41403, 'base'),
(46280, 41404, 'www'),
(53568, 41405, 'www'),
(46279, 41406, 'app'),
(53567, 41407, 'app'),
(46281, 41408, 'mysql'),
(53571, 41409, 'mysql'),
(55870, 41410, 'chef'),
(46268, 41410, 'percona'),
(55871, 41411, 'chef'),
(53572, 41411, 'percona'),
(46266, 41412, 'postgresql'),
(53574, 41413, 'postgresql'),
(46269, 41414, 'redis'),
(53573, 41415, 'redis'),
(55875, 41416, 'chef'),
(46291, 41416, 'mongodb'),
(53570, 44731, 'memcached'),
(53577, 44732, 'app'),
(53576, 44732, 'mysql'),
(54734, 45283, 'base'),
(54735, 45283, 'chef');


INSERT INTO `role_images` (`id`, `role_id`, `cloud_location`, `image_id`, `platform`, `architecture`, `os_family`, `os_name`, `os_version`, `agent_version`) VALUES
(4504, 16163, 'us-east-1', 'ami-8ff345e6', 'ec2', NULL, NULL, NULL, NULL, NULL),
(4505, 16163, 'us-west-1', 'ami-c593b680', 'ec2', NULL, NULL, NULL, NULL, NULL),
(4506, 16163, 'eu-west-1', 'ami-e5202791', 'ec2', NULL, NULL, NULL, NULL, NULL),
(4507, 16163, 'ap-southeast-1', 'ami-3c8ccd6e', 'ec2', NULL, NULL, NULL, NULL, NULL),
(4515, 16164, 'us-east-1', 'ami-a17dc8c8', 'ec2', NULL, NULL, NULL, NULL, NULL),
(4516, 16164, 'us-west-1', 'ami-f393b6b6', 'ec2', NULL, NULL, NULL, NULL, NULL),
(4517, 16164, 'eu-west-1', 'ami-932027e7', 'ec2', NULL, NULL, NULL, NULL, NULL),
(4518, 16164, 'ap-southeast-1', 'ami-948ccdc6', 'ec2', NULL, NULL, NULL, NULL, NULL),
(4551, 16161, 'us-east-1', 'ami-23b51e4a', 'ec2', NULL, NULL, NULL, NULL, NULL),
(4552, 16161, 'us-west-1', 'ami-e793b6a2', 'ec2', NULL, NULL, NULL, NULL, NULL),
(4553, 16161, 'eu-west-1', 'ami-035a5f77', 'ec2', NULL, NULL, NULL, NULL, NULL),
(4554, 16161, 'ap-southeast-1', 'ami-e48ccdb6', 'ec2', NULL, NULL, NULL, NULL, NULL),
(4560, 16162, 'us-east-1', 'ami-2bb71c42', 'ec2', NULL, NULL, NULL, NULL, NULL),
(4561, 16162, 'us-west-1', 'ami-b593b6f0', 'ec2', NULL, NULL, NULL, NULL, NULL),
(4563, 16162, 'ap-southeast-1', 'ami-b297d1e0', 'ec2', NULL, NULL, NULL, NULL, NULL),
(7857, 16163, 'ap-northeast-1', 'ami-6400ab65', 'ec2', NULL, NULL, NULL, NULL, NULL),
(7862, 16164, 'ap-northeast-1', 'ami-6e01b46f', 'ec2', NULL, NULL, NULL, NULL, NULL),
(8065, 16161, 'ap-northeast-1', 'ami-f2d467f3', 'ec2', NULL, NULL, NULL, NULL, NULL),
(8070, 16162, 'ap-northeast-1', 'ami-0edb680f', 'ec2', NULL, NULL, NULL, NULL, NULL),
(9476, 22461, 'us-east-1', 'ami-eced6985', 'ec2', NULL, NULL, NULL, NULL, NULL),
(12108, 25052, 'us-east-1', 'ami-e0669d89', 'ec2', NULL, NULL, NULL, NULL, NULL),
(12112, 25056, 'us-east-1', 'ami-12669d7b', 'ec2', NULL, NULL, NULL, NULL, NULL),
(12195, 25056, 'us-west-1', 'ami-5588da10', 'ec2', NULL, NULL, NULL, NULL, NULL),
(12196, 25056, 'eu-west-1', 'ami-c8a091bc', 'ec2', NULL, NULL, NULL, NULL, NULL),
(12197, 25056, 'ap-northeast-1', 'ami-52f74253', 'ec2', NULL, NULL, NULL, NULL, NULL),
(12198, 25056, 'ap-southeast-1', 'ami-feb6ceac', 'ec2', NULL, NULL, NULL, NULL, NULL),
(12199, 25052, 'us-west-1', 'ami-b78bd9f2', 'ec2', NULL, NULL, NULL, NULL, NULL),
(12200, 25052, 'eu-west-1', 'ami-aea091da', 'ec2', NULL, NULL, NULL, NULL, NULL),
(12201, 25052, 'ap-northeast-1', 'ami-56f74257', 'ec2', NULL, NULL, NULL, NULL, NULL),
(12202, 25052, 'ap-southeast-1', 'ami-ceb6ce9c', 'ec2', NULL, NULL, NULL, NULL, NULL),
(12227, 25162, 'us-east-1', 'ami-7ea85217', 'ec2', NULL, NULL, NULL, NULL, NULL),
(12228, 25162, 'us-west-1', 'ami-ff8cdeba', 'ec2', NULL, NULL, NULL, NULL, NULL),
(12229, 25162, 'eu-west-1', 'ami-d4a899a0', 'ec2', NULL, NULL, NULL, NULL, NULL),
(12230, 25162, 'ap-southeast-1', 'ami-7cabd32e', 'ec2', NULL, NULL, NULL, NULL, NULL),
(12231, 25162, 'ap-northeast-1', 'ami-26f04527', 'ec2', NULL, NULL, NULL, NULL, NULL),
(12232, 25163, 'us-east-1', 'ami-44a8522d', 'ec2', NULL, NULL, NULL, NULL, NULL),
(12233, 25163, 'us-west-1', 'ami-fb8cdebe', 'ec2', NULL, NULL, NULL, NULL, NULL),
(12234, 25163, 'eu-west-1', 'ami-d6a899a2', 'ec2', NULL, NULL, NULL, NULL, NULL),
(12235, 25163, 'ap-southeast-1', 'ami-66abd334', 'ec2', NULL, NULL, NULL, NULL, NULL),
(12236, 25163, 'ap-northeast-1', 'ami-30f04531', 'ec2', NULL, NULL, NULL, NULL, NULL),
(16117, 28917, 'us-east-1', 'ami-7595591c', 'ec2', NULL, NULL, NULL, NULL, NULL),
(16121, 28921, 'us-east-1', 'ami-65905c0c', 'ec2', NULL, NULL, NULL, NULL, NULL),
(16122, 28922, 'us-east-1', 'ami-63905c0a', 'ec2', NULL, NULL, NULL, NULL, NULL),
(16125, 28925, 'us-east-1', 'ami-69905c00', 'ec2', NULL, NULL, NULL, NULL, NULL),
(17593, 16162, 'eu-west-1', 'ami-132f2867', 'ec2', NULL, NULL, NULL, NULL, NULL),
(21313, 18621, 'us-west-2', 'ami-9e6be3ae', 'ec2', NULL, NULL, NULL, '0', NULL),
(21314, 18621, 'ap-southeast-1', 'ami-2cf1b27e', 'ec2', NULL, NULL, NULL, '0', NULL),
(21315, 18621, 'us-west-1', 'ami-98c3e2dd', 'ec2', NULL, NULL, NULL, '0', NULL),
(21316, 18621, 'eu-west-1', 'ami-a0cbc6d4', 'ec2', NULL, NULL, NULL, '0', NULL),
(21317, 18621, 'us-east-1', 'ami-05eb686c', 'ec2', NULL, NULL, NULL, '0', NULL),
(21318, 18621, 'ap-northeast-1', 'ami-74358d75', 'ec2', NULL, NULL, NULL, '0', NULL),
(21319, 18621, 'sa-east-1', 'ami-70de066d', 'ec2', NULL, NULL, NULL, '0', NULL),
(21320, 18619, 'eu-west-1', 'ami-32343946', 'ec2', NULL, NULL, NULL, '0', NULL),
(21321, 18619, 'us-west-1', 'ami-9ec3e2db', 'ec2', NULL, NULL, NULL, '0', NULL),
(21322, 18619, 'us-west-2', 'ami-946be3a4', 'ec2', NULL, NULL, NULL, '0', NULL),
(21323, 18619, 'ap-northeast-1', 'ami-cc7dc5cd', 'ec2', NULL, NULL, NULL, '0', NULL),
(21324, 18619, 'ap-southeast-1', 'ami-daf1b288', 'ec2', NULL, NULL, NULL, '0', NULL),
(21325, 18619, 'us-east-1', 'ami-33eb685a', 'ec2', NULL, NULL, NULL, '0', NULL),
(21326, 18619, 'sa-east-1', 'ami-40de065d', 'ec2', NULL, NULL, NULL, '0', NULL),
(21328, 18617, 'ap-northeast-1', 'ami-c87dc5c9', 'ec2', NULL, NULL, NULL, '0', NULL),
(21329, 18617, 'us-west-2', 'ami-b26be382', 'ec2', NULL, NULL, NULL, '0', NULL),
(21330, 18617, 'us-west-1', 'ami-8ac3e2cf', 'ec2', NULL, NULL, NULL, '0', NULL),
(21331, 18617, 'ap-southeast-1', 'ami-aef2b1fc', 'ec2', NULL, NULL, NULL, '0', NULL),
(21332, 18617, 'us-east-1', 'ami-01eb6868', 'ec2', NULL, NULL, NULL, '0', NULL),
(21333, 18617, 'eu-west-1', 'ami-34343940', 'ec2', NULL, NULL, NULL, '0', NULL),
(21334, 18617, 'sa-east-1', 'ami-7cde0661', 'ec2', NULL, NULL, NULL, '0', NULL),
(21341, 25955, 'ap-southeast-1', 'ami-52f1b200', 'ec2', NULL, NULL, NULL, '0', NULL),
(21342, 25955, 'us-west-2', 'ami-4c6be37c', 'ec2', NULL, NULL, NULL, '0', NULL),
(21343, 25955, 'eu-west-1', 'ami-30343944', 'ec2', NULL, NULL, NULL, '0', NULL),
(21344, 25955, 'ap-northeast-1', 'ami-d87dc5d9', 'ec2', NULL, NULL, NULL, '0', NULL),
(21345, 25955, 'us-west-1', 'ami-94c3e2d1', 'ec2', NULL, NULL, NULL, '0', NULL),
(21346, 25955, 'us-east-1', 'ami-37eb685e', 'ec2', NULL, NULL, NULL, '0', NULL),
(21347, 25955, 'sa-east-1', 'ami-76de066b', 'ec2', NULL, NULL, NULL, '0', NULL),
(21349, 18623, 'eu-west-1', 'ami-92cbc6e6', 'ec2', NULL, NULL, NULL, '0', NULL),
(21350, 18623, 'ap-southeast-1', 'ami-2ef1b27c', 'ec2', NULL, NULL, NULL, '0', NULL),
(21351, 18623, 'us-west-1', 'ami-a2c3e2e7', 'ec2', NULL, NULL, NULL, '0', NULL),
(21352, 18623, 'us-west-2', 'ami-9a6be3aa', 'ec2', NULL, NULL, NULL, '0', NULL),
(21353, 18623, 'ap-northeast-1', 'ami-e87dc5e9', 'ec2', NULL, NULL, NULL, '0', NULL),
(21354, 18623, 'us-east-1', 'ami-19eb6870', 'ec2', NULL, NULL, NULL, '0', NULL),
(21355, 18623, 'sa-east-1', 'ami-78de0665', 'ec2', NULL, NULL, NULL, '0', NULL),
(21357, 24154, 'us-west-1', 'ami-a0c3e2e5', 'ec2', NULL, NULL, NULL, '0', NULL),
(21358, 24154, 'us-east-1', 'ami-1feb6876', 'ec2', NULL, NULL, NULL, '0', NULL),
(21359, 24154, 'eu-west-1', 'ami-4c343938', 'ec2', NULL, NULL, NULL, '0', NULL),
(21360, 24154, 'ap-northeast-1', 'ami-de7dc5df', 'ec2', NULL, NULL, NULL, '0', NULL),
(21361, 24154, 'us-west-2', 'ami-b06be380', 'ec2', NULL, NULL, NULL, '0', NULL),
(21362, 24154, 'ap-southeast-1', 'ami-acf2b1fe', 'ec2', NULL, NULL, NULL, '0', NULL),
(21363, 24154, 'sa-east-1', 'ami-7ede0663', 'ec2', NULL, NULL, NULL, '0', NULL),
(21365, 26539, 'ap-southeast-1', 'ami-d0f1b282', 'ec2', NULL, NULL, NULL, '0', NULL),
(21366, 26539, 'us-west-1', 'ami-90c3e2d5', 'ec2', NULL, NULL, NULL, '0', NULL),
(21367, 26539, 'ap-northeast-1', 'ami-ca7dc5cb', 'ec2', NULL, NULL, NULL, '0', NULL),
(21368, 26539, 'us-east-1', 'ami-03eb686a', 'ec2', NULL, NULL, NULL, '0', NULL),
(21369, 26539, 'us-west-2', 'ami-9c6be3ac', 'ec2', NULL, NULL, NULL, '0', NULL),
(21370, 26539, 'eu-west-1', 'ami-3c343948', 'ec2', NULL, NULL, NULL, '0', NULL),
(21371, 26539, 'sa-east-1', 'ami-42de065f', 'ec2', NULL, NULL, NULL, '0', NULL),
(21377, 18616, 'us-west-2', 'ami-d06ae2e0', 'ec2', NULL, NULL, NULL, '0', NULL),
(21378, 18616, 'us-west-1', 'ami-00c2e345', 'ec2', NULL, NULL, NULL, '0', NULL),
(21379, 18616, 'ap-southeast-1', 'ami-c0f2b192', 'ec2', NULL, NULL, NULL, '0', NULL),
(21380, 18616, 'eu-west-1', 'ami-fecbc68a', 'ec2', NULL, NULL, NULL, '0', NULL),
(21381, 18616, 'ap-northeast-1', 'ami-c67dc5c7', 'ec2', NULL, NULL, NULL, '0', NULL),
(21382, 18616, 'us-east-1', 'ami-d9e665b0', 'ec2', NULL, NULL, NULL, '0', NULL),
(21383, 18616, 'sa-east-1', 'ami-4ade0657', 'ec2', NULL, NULL, NULL, '0', NULL),
(21387, 18620, 'us-east-1', 'ami-f5e6659c', 'ec2', NULL, NULL, NULL, '0', NULL),
(21388, 18620, 'eu-west-1', 'ami-d23538a6', 'ec2', NULL, NULL, NULL, '0', NULL),
(21389, 18620, 'us-west-2', 'ami-666be356', 'ec2', NULL, NULL, NULL, '0', NULL),
(21390, 18620, 'us-west-1', 'ami-44fcdd01', 'ec2', NULL, NULL, NULL, '0', NULL),
(21391, 18620, 'ap-northeast-1', 'ami-d07dc5d1', 'ec2', NULL, NULL, NULL, '0', NULL),
(21392, 18620, 'ap-southeast-1', 'ami-1af1b248', 'ec2', NULL, NULL, NULL, '0', NULL),
(21393, 18620, 'sa-east-1', 'ami-9ade0687', 'ec2', NULL, NULL, NULL, '0', NULL),
(21395, 18618, 'ap-northeast-1', 'ami-d67dc5d7', 'ec2', NULL, NULL, NULL, '0', NULL),
(21396, 18618, 'us-west-2', 'ami-d86ae2e8', 'ec2', NULL, NULL, NULL, '0', NULL),
(21397, 18618, 'us-west-1', 'ami-02c2e347', 'ec2', NULL, NULL, NULL, '0', NULL),
(21398, 18618, 'ap-southeast-1', 'ami-e6f2b1b4', 'ec2', NULL, NULL, NULL, '0', NULL),
(21399, 18618, 'eu-west-1', 'ami-e0cbc694', 'ec2', NULL, NULL, NULL, '0', NULL),
(21400, 18618, 'us-east-1', 'ami-d7e665be', 'ec2', NULL, NULL, NULL, '0', NULL),
(21401, 18618, 'sa-east-1', 'ami-42df075f', 'ec2', NULL, NULL, NULL, '0', NULL),
(21403, 18622, 'ap-southeast-1', 'ami-e0f2b1b2', 'ec2', NULL, NULL, NULL, '0', NULL),
(21404, 18622, 'us-west-1', 'ami-b2fddcf7', 'ec2', NULL, NULL, NULL, '0', NULL),
(21405, 18622, 'us-east-1', 'ami-dbe665b2', 'ec2', NULL, NULL, NULL, '0', NULL),
(21406, 18622, 'eu-west-1', 'ami-f0cbc684', 'ec2', NULL, NULL, NULL, '0', NULL),
(21407, 18622, 'us-west-2', 'ami-da6ae2ea', 'ec2', NULL, NULL, NULL, '0', NULL),
(21408, 18622, 'ap-northeast-1', 'ami-d27dc5d3', 'ec2', NULL, NULL, NULL, '0', NULL),
(21409, 18622, 'sa-east-1', 'ami-98de0685', 'ec2', NULL, NULL, NULL, '0', NULL),
(21411, 18624, 'us-west-1', 'ami-bafddcff', 'ec2', NULL, NULL, NULL, '0', NULL),
(21412, 18624, 'ap-southeast-1', 'ami-18f1b24a', 'ec2', NULL, NULL, NULL, '0', NULL),
(21413, 18624, 'ap-northeast-1', 'ami-b2338bb3', 'ec2', NULL, NULL, NULL, '0', NULL),
(21414, 18624, 'us-west-2', 'ami-526be362', 'ec2', NULL, NULL, NULL, '0', NULL),
(21415, 18624, 'eu-west-1', 'ami-c23538b6', 'ec2', NULL, NULL, NULL, '0', NULL),
(21416, 18624, 'us-east-1', 'ami-d3e665ba', 'ec2', NULL, NULL, NULL, '0', NULL),
(21417, 18624, 'sa-east-1', 'ami-56d1094b', 'ec2', NULL, NULL, NULL, '0', NULL),
(21418, 25952, 'us-east-1', 'ami-f9e66590', 'ec2', NULL, NULL, NULL, '0', NULL),
(21419, 25952, 'ap-southeast-1', 'ami-1ef1b24c', 'ec2', NULL, NULL, NULL, '0', NULL),
(21420, 25952, 'us-west-2', 'ami-626be352', 'ec2', NULL, NULL, NULL, '0', NULL),
(21421, 25952, 'ap-northeast-1', 'ami-e27dc5e3', 'ec2', NULL, NULL, NULL, '0', NULL),
(21422, 25952, 'eu-west-1', 'ami-c63538b2', 'ec2', NULL, NULL, NULL, '0', NULL),
(21423, 25952, 'us-west-1', 'ami-b0fddcf5', 'ec2', NULL, NULL, NULL, '0', NULL),
(21424, 25952, 'sa-east-1', 'ami-9ede0683', 'ec2', NULL, NULL, NULL, '0', NULL),
(21426, 26542, 'ap-southeast-1', 'ami-1cf1b24e', 'ec2', NULL, NULL, NULL, '0', NULL),
(21427, 26542, 'us-west-1', 'ami-46fcdd03', 'ec2', NULL, NULL, NULL, '0', NULL),
(21428, 26542, 'ap-northeast-1', 'ami-e67dc5e7', 'ec2', NULL, NULL, NULL, '0', NULL),
(21429, 26542, 'us-west-2', 'ami-6e6be35e', 'ec2', NULL, NULL, NULL, '0', NULL),
(21430, 26542, 'eu-west-1', 'ami-90cbc6e4', 'ec2', NULL, NULL, NULL, '0', NULL),
(21431, 26542, 'us-east-1', 'ami-dde665b4', 'ec2', NULL, NULL, NULL, '0', NULL),
(21432, 26542, 'sa-east-1', 'ami-60de067d', 'ec2', NULL, NULL, NULL, '0', NULL),
(21580, 27481, 'eu-west-1', 'ami-cc3538b8', 'ec2', NULL, NULL, NULL, '0', NULL),
(21581, 27481, 'ap-northeast-1', 'ami-d47dc5d5', 'ec2', NULL, NULL, NULL, '0', NULL),
(21582, 27481, 'sa-east-1', 'ami-7edf0763', 'ec2', NULL, NULL, NULL, '0', NULL),
(21583, 27481, 'us-east-1', 'ami-c7e665ae', 'ec2', NULL, NULL, NULL, '0', NULL),
(21584, 27481, 'ap-southeast-1', 'ami-08f1b25a', 'ec2', NULL, NULL, NULL, '0', NULL),
(21585, 27481, 'us-west-1', 'ami-04c2e341', 'ec2', NULL, NULL, NULL, '0', NULL),
(21586, 27481, 'us-west-2', 'ami-5840c868', 'ec2', NULL, NULL, NULL, '0', NULL),
(21589, 18615, 'us-west-1', 'ami-92c3e2d7', 'ec2', NULL, NULL, NULL, '0', NULL),
(21590, 18615, 'eu-west-1', 'ami-36343942', 'ec2', NULL, NULL, NULL, '0', NULL),
(21591, 18615, 'ap-southeast-1', 'ami-d4f1b286', 'ec2', NULL, NULL, NULL, '0', NULL),
(21592, 18615, 'ap-northeast-1', 'ami-ce7dc5cf', 'ec2', NULL, NULL, NULL, '0', NULL),
(21593, 18615, 'us-east-1', 'ami-9be764f2', 'ec2', NULL, NULL, NULL, '0', NULL),
(21594, 18615, 'sa-east-1', 'ami-46de065b', 'ec2', NULL, NULL, NULL, '0', NULL),
(21595, 18615, 'us-west-2', 'ami-926be3a2', 'ec2', NULL, NULL, NULL, '0', NULL),
(21596, 27506, 'eu-west-1', 'ami-42343936', 'ec2', NULL, NULL, NULL, '0', NULL),
(21597, 27506, 'ap-northeast-1', 'ami-dc7dc5dd', 'ec2', NULL, NULL, NULL, '0', NULL),
(21598, 27506, 'us-east-1', 'ami-1deb6874', 'ec2', NULL, NULL, NULL, '0', NULL),
(21599, 27506, 'sa-east-1', 'ami-7ade0667', 'ec2', NULL, NULL, NULL, '0', NULL),
(21600, 27506, 'us-west-1', 'ami-9cc3e2d9', 'ec2', NULL, NULL, NULL, '0', NULL),
(21601, 27506, 'ap-southeast-1', 'ami-50f1b202', 'ec2', NULL, NULL, NULL, '0', NULL),
(21602, 27506, 'us-west-2', 'ami-4a6be37a', 'ec2', NULL, NULL, NULL, '0', NULL),
(21798, 18016, 'eu-west-1', 'ami-832027f7', 'ec2', NULL, NULL, NULL, NULL, NULL),
(21810, 18018, 'eu-west-1', 'ami-772f2803', 'ec2', NULL, NULL, NULL, NULL, NULL),
(21818, 25957, 'eu-west-1', 'ami-512f2825', 'ec2', NULL, NULL, NULL, NULL, NULL),
(21826, 26544, 'eu-west-1', 'ami-4d2f2839', 'ec2', NULL, NULL, NULL, NULL, NULL),
(21851, 25957, 'us-west-1', 'ami-8d93b6c8', 'ec2', NULL, NULL, NULL, NULL, NULL),
(21854, 18018, 'us-west-1', 'ami-8393b6c6', 'ec2', NULL, NULL, NULL, NULL, NULL),
(21862, 26544, 'us-west-1', 'ami-9993b6dc', 'ec2', NULL, NULL, NULL, NULL, NULL),
(21872, 24159, 'eu-west-1', 'ami-db2027af', 'ec2', NULL, NULL, NULL, NULL, NULL),
(21879, 18015, 'eu-west-1', 'ami-e920279d', 'ec2', NULL, NULL, NULL, NULL, NULL),
(21889, 18017, 'eu-west-1', 'ami-eb20279f', 'ec2', NULL, NULL, NULL, NULL, NULL),
(21896, 18367, 'eu-west-1', 'ami-a72027d3', 'ec2', NULL, NULL, NULL, NULL, NULL),
(21923, 18017, 'us-west-1', 'ami-d593b690', 'ec2', NULL, NULL, NULL, NULL, NULL),
(21930, 18367, 'us-west-1', 'ami-f193b6b4', 'ec2', NULL, NULL, NULL, NULL, NULL),
(21934, 24159, 'us-west-1', 'ami-d393b696', 'ec2', NULL, NULL, NULL, NULL, NULL),
(21940, 25958, 'us-west-1', 'ami-dd93b698', 'ec2', NULL, NULL, NULL, NULL, NULL),
(21949, 26543, 'us-west-1', 'ami-db93b69e', 'ec2', NULL, NULL, NULL, NULL, NULL),
(21954, 24151, 'us-west-1', 'ami-06c2e343', 'ec2', NULL, NULL, NULL, '0', NULL),
(21955, 24151, 'us-east-1', 'ami-d1e665b8', 'ec2', NULL, NULL, NULL, '0', NULL),
(21956, 24151, 'ap-northeast-1', 'ami-b0338bb1', 'ec2', NULL, NULL, NULL, '0', NULL),
(21957, 24151, 'eu-west-1', 'ami-96cbc6e2', 'ec2', NULL, NULL, NULL, '0', NULL),
(21958, 24151, 'us-west-2', 'ami-506be360', 'ec2', NULL, NULL, NULL, '0', NULL),
(21959, 24151, 'ap-southeast-1', 'ami-0af1b258', 'ec2', NULL, NULL, NULL, '0', NULL),
(21960, 24151, 'sa-east-1', 'ami-94de0689', 'ec2', NULL, NULL, NULL, '0', NULL),
(21968, 25958, 'us-east-1', 'ami-99b61df0', 'ec2', NULL, NULL, NULL, NULL, NULL),
(21984, 18017, 'us-east-1', 'ami-dbb61db2', 'ec2', NULL, NULL, NULL, NULL, NULL),
(21999, 27482, 'us-east-1', 'ami-8bb01be2', 'ec2', NULL, NULL, NULL, NULL, NULL),
(22003, 26544, 'us-east-1', 'ami-f5b01b9c', 'ec2', NULL, NULL, NULL, NULL, NULL),
(22011, 25957, 'us-east-1', 'ami-f3b01b9a', 'ec2', NULL, NULL, NULL, NULL, NULL),
(22022, 24156, 'us-east-1', 'ami-41882328', 'ec2', NULL, NULL, NULL, NULL, NULL),
(22088, 18018, 'us-east-1', 'ami-69b01b00', 'ec2', NULL, NULL, NULL, NULL, NULL),
(22100, 18016, 'us-east-1', 'ami-93b11afa', 'ec2', NULL, NULL, NULL, NULL, NULL),
(22106, 24159, 'us-east-1', 'ami-a9b61dc0', 'ec2', NULL, NULL, NULL, NULL, NULL),
(22173, 18017, 'ap-southeast-1', 'ami-c68ccd94', 'ec2', NULL, NULL, NULL, NULL, NULL),
(22194, 24156, 'ap-southeast-1', 'ami-848ccdd6', 'ec2', NULL, NULL, NULL, NULL, NULL),
(22232, 26544, 'ap-southeast-1', 'ami-f68dcba4', 'ec2', NULL, NULL, NULL, NULL, NULL),
(22233, 26544, 'ap-northeast-1', 'ami-76ca7c77', 'ec2', NULL, NULL, NULL, NULL, NULL),
(22238, 18018, 'ap-southeast-1', 'ami-988ccdca', 'ec2', NULL, NULL, NULL, NULL, NULL),
(22239, 18018, 'ap-northeast-1', 'ami-78ca7c79', 'ec2', NULL, NULL, NULL, NULL, NULL),
(22243, 27482, 'ap-southeast-1', 'ami-b48ccde6', 'ec2', NULL, NULL, NULL, NULL, NULL),
(22244, 27482, 'ap-northeast-1', 'ami-74ca7c75', 'ec2', NULL, NULL, NULL, NULL, NULL),
(22245, 27482, 'us-west-1', 'ami-9f93b6da', 'ec2', NULL, NULL, NULL, NULL, NULL),
(22246, 27482, 'eu-west-1', 'ami-332f2847', 'ec2', NULL, NULL, NULL, NULL, NULL),
(22248, 33206, 'us-east-1', 'ami-4fb71c26', 'ec2', NULL, NULL, NULL, NULL, NULL),
(22249, 33206, 'ap-northeast-1', 'ami-603f8d61', 'ec2', NULL, NULL, NULL, NULL, NULL),
(22250, 33206, 'us-west-1', 'ami-ad93b6e8', 'ec2', NULL, NULL, NULL, NULL, NULL),
(22251, 33206, 'ap-southeast-1', 'ami-a28ccdf0', 'ec2', NULL, NULL, NULL, NULL, NULL),
(22252, 33206, 'eu-west-1', 'ami-072f2873', 'ec2', NULL, NULL, NULL, NULL, NULL),
(22256, 18017, 'ap-northeast-1', 'ami-8cca7c8d', 'ec2', NULL, NULL, NULL, NULL, NULL),
(22264, 18367, 'ap-northeast-1', 'ami-92ca7c93', 'ec2', NULL, NULL, NULL, NULL, NULL),
(22267, 18015, 'us-west-1', 'ami-c793b682', 'ec2', NULL, NULL, NULL, NULL, NULL),
(22268, 18015, 'ap-southeast-1', 'ami-d48ccd86', 'ec2', NULL, NULL, NULL, NULL, NULL),
(22269, 18015, 'us-east-1', 'ami-1db61d74', 'ec2', NULL, NULL, NULL, NULL, NULL),
(22270, 18015, 'ap-northeast-1', 'ami-9eca7c9f', 'ec2', NULL, NULL, NULL, NULL, NULL),
(22280, 25958, 'ap-northeast-1', 'ami-a2ca7ca3', 'ec2', NULL, NULL, NULL, NULL, NULL),
(22291, 27507, 'ap-northeast-1', 'ami-a6ca7ca7', 'ec2', NULL, NULL, NULL, NULL, NULL),
(22310, 18368, 'eu-west-1', 'ami-e12f2895', 'ec2', NULL, NULL, NULL, NULL, NULL),
(22335, 33205, 'us-east-1', 'ami-c5e665ac', 'ec2', NULL, NULL, NULL, '0', NULL),
(22336, 33205, 'eu-west-1', 'ami-fccbc688', 'ec2', NULL, NULL, NULL, '0', NULL),
(22337, 33205, 'ap-southeast-1', 'ami-e2f2b1b0', 'ec2', NULL, NULL, NULL, '0', NULL),
(22338, 33205, 'us-west-1', 'ami-7ac2e33f', 'ec2', NULL, NULL, NULL, '0', NULL),
(22339, 33205, 'sa-east-1', 'ami-7cdf0761', 'ec2', NULL, NULL, NULL, '0', NULL),
(22340, 33205, 'us-west-2', 'ami-d46ae2e4', 'ec2', NULL, NULL, NULL, '0', NULL),
(22341, 33205, 'ap-northeast-1', 'ami-e47dc5e5', 'ec2', NULL, NULL, NULL, '0', NULL),
(22342, 31024, 'ap-southeast-1', 'ami-56f1b204', 'ec2', NULL, NULL, NULL, '0', NULL),
(22343, 31024, 'eu-west-1', 'ami-a2cbc6d6', 'ec2', NULL, NULL, NULL, '0', NULL),
(22344, 31024, 'us-east-1', 'ami-07eb686e', 'ec2', NULL, NULL, NULL, '0', NULL),
(22345, 31024, 'sa-east-1', 'ami-74de0669', 'ec2', NULL, NULL, NULL, '0', NULL),
(22346, 31024, 'us-west-1', 'ami-8acfeecf', 'ec2', NULL, NULL, NULL, '0', NULL),
(22347, 31024, 'us-west-2', 'ami-b46be384', 'ec2', NULL, NULL, NULL, '0', NULL),
(22348, 31024, 'ap-northeast-1', 'ami-e07dc5e1', 'ec2', NULL, NULL, NULL, '0', NULL),
(22349, 31011, 'eu-west-1', 'ami-f2cbc686', 'ec2', NULL, NULL, NULL, '0', NULL),
(22350, 31011, 'ap-southeast-1', 'ami-e4f2b1b6', 'ec2', NULL, NULL, NULL, '0', NULL),
(22351, 31011, 'us-west-1', 'ami-bcfddcf9', 'ec2', NULL, NULL, NULL, '0', NULL),
(22352, 31011, 'sa-east-1', 'ami-9cde0681', 'ec2', NULL, NULL, NULL, '0', NULL),
(22353, 31011, 'us-west-2', 'ami-d66ae2e6', 'ec2', NULL, NULL, NULL, '0', NULL),
(22354, 31011, 'us-east-1', 'ami-ade665c4', 'ec2', NULL, NULL, NULL, '0', NULL),
(22355, 31011, 'ap-northeast-1', 'ami-da7dc5db', 'ec2', NULL, NULL, NULL, '0', NULL),
(22502, 18016, 'us-west-1', 'ami-fd93b6b8', 'ec2', NULL, NULL, NULL, NULL, NULL),
(22505, 18016, 'ap-southeast-1', 'ami-9a8ccdc8', 'ec2', NULL, NULL, NULL, NULL, NULL),
(22506, 18016, 'ap-northeast-1', 'ami-2cae182d', 'ec2', NULL, NULL, NULL, NULL, NULL),
(22507, 27507, 'us-west-1', 'ami-e193b6a4', 'ec2', NULL, NULL, NULL, NULL, NULL),
(22508, 27507, 'us-east-1', 'ami-adc56dc4', 'ec2', NULL, NULL, NULL, NULL, NULL),
(22510, 27507, 'eu-west-1', 'ami-b52027c1', 'ec2', NULL, NULL, NULL, NULL, NULL),
(22511, 27507, 'ap-southeast-1', 'ami-f68ccda4', 'ec2', NULL, NULL, NULL, NULL, NULL),
(22514, 25957, 'ap-southeast-1', 'ami-8e8ccddc', 'ec2', NULL, NULL, NULL, NULL, NULL),
(22516, 25957, 'ap-northeast-1', 'ami-2eae182f', 'ec2', NULL, NULL, NULL, NULL, NULL),
(22529, 24159, 'ap-northeast-1', 'ami-a0ca7ca1', 'ec2', NULL, NULL, NULL, NULL, NULL),
(22532, 24159, 'ap-southeast-1', 'ami-c48ccd96', 'ec2', NULL, NULL, NULL, NULL, NULL),
(22534, 25958, 'ap-southeast-1', 'ami-f28ccda0', 'ec2', NULL, NULL, NULL, NULL, NULL),
(22535, 25958, 'eu-west-1', 'ami-c12027b5', 'ec2', NULL, NULL, NULL, NULL, NULL),
(22539, 26543, 'ap-southeast-1', 'ami-f893d4aa', 'ec2', NULL, NULL, NULL, NULL, NULL),
(22540, 26543, 'ap-northeast-1', 'ami-a4ca7ca5', 'ec2', NULL, NULL, NULL, NULL, NULL),
(22541, 26543, 'us-east-1', 'ami-9fb61df6', 'ec2', NULL, NULL, NULL, NULL, NULL),
(22542, 26543, 'eu-west-1', 'ami-cf2027bb', 'ec2', NULL, NULL, NULL, NULL, NULL),
(22546, 18367, 'us-east-1', 'ami-31b51e58', 'ec2', NULL, NULL, NULL, NULL, NULL),
(22547, 18367, 'ap-southeast-1', 'ami-ea8ccdb8', 'ec2', NULL, NULL, NULL, NULL, NULL),
(22552, 24156, 'ap-northeast-1', 'ami-72ca7c73', 'ec2', NULL, NULL, NULL, NULL, NULL),
(22553, 24156, 'eu-west-1', 'ami-6f2f281b', 'ec2', NULL, NULL, NULL, NULL, NULL),
(22554, 24156, 'us-west-1', 'ami-8b93b6ce', 'ec2', NULL, NULL, NULL, NULL, NULL),
(22558, 18368, 'ap-southeast-1', 'ami-ac8ccdfe', 'ec2', NULL, NULL, NULL, NULL, NULL),
(22559, 18368, 'us-east-1', 'ami-09b71c60', 'ec2', NULL, NULL, NULL, NULL, NULL),
(22560, 18368, 'ap-northeast-1', 'ami-32ae1833', 'ec2', NULL, NULL, NULL, NULL, NULL),
(22562, 18368, 'us-west-1', 'ami-ab93b6ee', 'ec2', NULL, NULL, NULL, NULL, NULL),
(23877, 35144, 'us-east-1', 'ami-ac8c5ec5', 'ec2', NULL, NULL, NULL, NULL, NULL),
(25782, 16164, 'us-west-2', 'ami-eefe72de', 'ec2', 'x86_64', 'centos', 'Centos 5.8 Final', '5', '0.7.206'),
(25794, 18018, 'us-west-2', 'ami-3aff730a', 'ec2', 'x86_64', 'centos', 'Centos 5.8 Final', '5', '0.7.206'),
(25801, 18016, 'us-west-2', 'ami-e677f8d6', 'ec2', 'x86_64', 'centos', 'Centos 5.8 Final', '5', '0.7.206'),
(25808, 18368, 'us-west-2', 'ami-b476f984', 'ec2', 'x86_64', 'centos', 'Centos 5.8 Final', '5', '0.7.206'),
(25815, 25957, 'us-west-2', 'ami-2cff731c', 'ec2', 'x86_64', 'centos', 'Centos 5.8 Final', '5', '0.7.206'),
(25823, 26544, 'us-west-2', 'ami-12ff7322', 'ec2', 'x86_64', 'centos', 'Centos 5.8 Final', '5', '0.7.206'),
(25831, 27482, 'us-west-2', 'ami-14ff7324', 'ec2', 'x86_64', 'centos', 'Centos 5.8 Final', '5', '0.7.206'),
(25840, 16164, 'sa-east-1', 'ami-386eb025', 'ec2', 'x86_64', 'centos', 'Centos 5.8 Final', '5', '0.7.206'),
(25850, 18016, 'sa-east-1', 'ami-366eb02b', 'ec2', 'x86_64', 'centos', 'Centos 5.8 Final', '5', '0.7.206'),
(25857, 18018, 'sa-east-1', 'ami-346eb029', 'ec2', 'x86_64', 'centos', 'Centos 5.8 Final', '5', '0.7.206'),
(25867, 18368, 'sa-east-1', 'ami-4a6eb057', 'ec2', 'x86_64', 'centos', 'Centos 5.8 Final', '5', '0.7.206'),
(25875, 25957, 'sa-east-1', 'ami-246eb039', 'ec2', 'x86_64', 'centos', 'Centos 5.8 Final', '5', '0.7.206'),
(25884, 26544, 'sa-east-1', 'ami-3aa67827', 'ec2', 'x86_64', 'centos', 'Centos 5.8 Final', '5', '0.7.206'),
(25891, 27482, 'sa-east-1', 'ami-5c6eb041', 'ec2', 'x86_64', 'centos', 'Centos 5.8 Final', '5', '0.7.206'),
(25897, 33206, 'sa-east-1', 'ami-30459b2d', 'ec2', 'x86_64', 'centos', 'Centos 5.8 Final', '5', '0.7.206'),
(25973, 18017, 'sa-east-1', 'ami-1a6eb007', 'ec2', 'i386', 'centos', 'Centos 5.8 Final', '5', '0.7.206'),
(25980, 18015, 'sa-east-1', 'ami-1e6eb003', 'ec2', 'i386', 'centos', 'Centos 5.8 Final', '5', '0.7.206'),
(25987, 16163, 'sa-east-1', 'ami-e071affd', 'ec2', 'i386', 'centos', 'Centos 5.8 Final', '5', '0.7.206'),
(25994, 18367, 'sa-east-1', 'ami-026eb01f', 'ec2', 'i386', 'centos', 'Centos 5.8 Final', '5', '0.7.206'),
(26001, 25958, 'sa-east-1', 'ami-126eb00f', 'ec2', 'i386', 'centos', 'Centos 5.8 Final', '5', '0.7.206'),
(26007, 26543, 'sa-east-1', 'ami-16a7790b', 'ec2', 'i386', 'centos', 'Centos 5.8 Final', '5', '0.7.206'),
(26014, 27507, 'sa-east-1', 'ami-0e6eb013', 'ec2', 'i386', 'centos', 'Centos 5.8 Final', '5', '0.7.206'),
(26022, 33206, 'us-west-2', 'ami-5276f962', 'ec2', 'x86_64', 'centos', 'Centos 5.8 Final', '5', '0.7.206'),
(26032, 16163, 'us-west-2', 'ami-a877f898', 'ec2', 'i386', 'centos', 'Centos 5.8 Final', '5', '0.7.206'),
(26039, 18017, 'us-west-2', 'ami-9677f8a6', 'ec2', 'i386', 'centos', 'Centos 5.8 Final', '5', '0.7.206'),
(26049, 18015, 'us-west-2', 'ami-9477f8a4', 'ec2', 'i386', 'centos', 'Centos 5.8 Final', '5', '0.7.206'),
(26056, 18367, 'us-west-2', 'ami-fe77f8ce', 'ec2', 'i386', 'centos', 'Centos 5.8 Final', '5', '0.7.206'),
(26065, 25958, 'us-west-2', 'ami-8677f8b6', 'ec2', 'i386', 'centos', 'Centos 5.8 Final', '5', '0.7.206'),
(26072, 27507, 'us-west-2', 'ami-f077f8c0', 'ec2', 'i386', 'centos', 'Centos 5.8 Final', '5', '0.7.206'),
(26080, 26543, 'us-west-2', 'ami-8877f8b8', 'ec2', 'i386', 'centos', 'Centos 5.8 Final', '5', '0.7.206'),
(27854, 38240, 'us-east-1', 'ami-803194e9', 'ec2', 'i386', 'ubuntu', 'Ubuntu 12.04 Precise', '12.04', '0.7.222'),
(27856, 38241, 'us-east-1', 'ami-5630953f', 'ec2', 'x86_64', 'ubuntu', 'Ubuntu 12.04 Precise', '12.04', '0.7.222'),
(27859, 38243, 'us-east-1', 'ami-2a309543', 'ec2', 'x86_64', 'ubuntu', 'Ubuntu 12.04 Precise', '12.04', '0.7.222'),
(27860, 38245, 'us-east-1', 'ami-0c309565', 'ec2', 'x86_64', 'ubuntu', 'Ubuntu 12.04 Precise', '12.04', '0.7.222'),
(27862, 38242, 'us-east-1', 'ami-f430959d', 'ec2', 'i386', 'ubuntu', 'Ubuntu 12.04 Precise', '12.04', '0.7.222'),
(27865, 38246, 'us-east-1', 'ami-c83095a1', 'ec2', 'x86_64', 'ubuntu', 'Ubuntu 12.04 Precise', '12.04', '0.7.222'),
(27866, 38244, 'us-east-1', 'ami-c63095af', 'ec2', 'i386', 'ubuntu', 'Ubuntu 12.04 Precise', '12.04', '0.7.222'),
(27885, 38240, 'us-west-1', 'ami-65df8420', 'ec2', 'i386', 'ubuntu', 'Ubuntu 12.04 Precise', '12.04', '0.7.222'),
(27898, 38244, 'us-west-1', 'ami-61df8424', 'ec2', 'i386', 'ubuntu', 'Ubuntu 12.04 Precise', '12.04', '0.7.222'),
(27902, 38242, 'us-west-1', 'ami-67df8422', 'ec2', 'i386', 'ubuntu', 'Ubuntu 12.04 Precise', '12.04', '0.7.222'),
(27926, 38241, 'us-west-1', 'ami-6bdf842e', 'ec2', 'x86_64', 'ubuntu', 'Ubuntu 12.04 Precise', '12.04', '0.7.222'),
(27928, 38243, 'us-west-1', 'ami-77df8432', 'ec2', 'x86_64', 'ubuntu', 'Ubuntu 12.04 Precise', '12.04', '0.7.222'),
(27931, 38245, 'us-west-1', 'ami-75df8430', 'ec2', 'x86_64', 'ubuntu', 'Ubuntu 12.04 Precise', '12.04', '0.7.222'),
(27936, 38240, 'us-west-2', 'ami-aea72b9e', 'ec2', 'i386', 'ubuntu', 'Ubuntu 12.04 Precise', '12.04', '0.7.222'),
(27941, 38246, 'us-west-1', 'ami-07df8442', 'ec2', 'x86_64', 'ubuntu', 'Ubuntu 12.04 Precise', '12.04', '0.7.222'),
(27945, 38242, 'us-west-2', 'ami-92a72ba2', 'ec2', 'i386', 'ubuntu', 'Ubuntu 12.04 Precise', '12.04', '0.7.222'),
(27948, 38244, 'us-west-2', 'ami-9ca72bac', 'ec2', 'i386', 'ubuntu', 'Ubuntu 12.04 Precise', '12.04', '0.7.222'),
(27954, 38241, 'us-west-2', 'ami-9ea72bae', 'ec2', 'x86_64', 'ubuntu', 'Ubuntu 12.04 Precise', '12.04', '0.7.222'),
(27957, 38243, 'us-west-2', 'ami-84a72bb4', 'ec2', 'x86_64', 'ubuntu', 'Ubuntu 12.04 Precise', '12.04', '0.7.222'),
(27970, 38245, 'us-west-2', 'ami-86a72bb6', 'ec2', 'x86_64', 'ubuntu', 'Ubuntu 12.04 Precise', '12.04', '0.7.222'),
(27975, 38246, 'us-west-2', 'ami-88a72bb8', 'ec2', 'x86_64', 'ubuntu', 'Ubuntu 12.04 Precise', '12.04', '0.7.222'),
(27979, 38240, 'eu-west-1', 'ami-cb6d57bf', 'ec2', 'i386', 'ubuntu', 'Ubuntu 12.04 Precise', '12.04', '0.7.222'),
(27987, 38242, 'eu-west-1', 'ami-ab6d57df', 'ec2', 'i386', 'ubuntu', 'Ubuntu 12.04 Precise', '12.04', '0.7.222'),
(27993, 38243, 'eu-west-1', 'ami-9f6d57eb', 'ec2', 'x86_64', 'ubuntu', 'Ubuntu 12.04 Precise', '12.04', '0.7.222'),
(27998, 38241, 'eu-west-1', 'ami-856d57f1', 'ec2', 'x86_64', 'ubuntu', 'Ubuntu 12.04 Precise', '12.04', '0.7.222'),
(28002, 38244, 'eu-west-1', 'ami-7f62580b', 'ec2', 'i386', 'ubuntu', 'Ubuntu 12.04 Precise', '12.04', '0.7.222'),
(28006, 38246, 'eu-west-1', 'ami-65625811', 'ec2', 'x86_64', 'ubuntu', 'Ubuntu 12.04 Precise', '12.04', '0.7.222'),
(28010, 38245, 'eu-west-1', 'ami-7b62580f', 'ec2', 'x86_64', 'ubuntu', 'Ubuntu 12.04 Precise', '12.04', '0.7.222'),
(28015, 38244, 'ap-southeast-1', 'ami-06094f54', 'ec2', 'i386', 'ubuntu', 'Ubuntu 12.04 Precise', '12.04', '0.7.222'),
(28020, 38243, 'ap-southeast-1', 'ami-34094f66', 'ec2', 'x86_64', 'ubuntu', 'Ubuntu 12.04 Precise', '12.04', '0.7.222'),
(28025, 38242, 'ap-southeast-1', 'ami-3a094f68', 'ec2', 'i386', 'ubuntu', 'Ubuntu 12.04 Precise', '12.04', '0.7.222'),
(28030, 38241, 'ap-southeast-1', 'ami-26094f74', 'ec2', 'x86_64', 'ubuntu', 'Ubuntu 12.04 Precise', '12.04', '0.7.222'),
(28035, 38246, 'ap-southeast-1', 'ami-28094f7a', 'ec2', 'x86_64', 'ubuntu', 'Ubuntu 12.04 Precise', '12.04', '0.7.222'),
(28040, 38245, 'ap-southeast-1', 'ami-2a094f78', 'ec2', 'x86_64', 'ubuntu', 'Ubuntu 12.04 Precise', '12.04', '0.7.222'),
(28045, 38240, 'ap-southeast-1', 'ami-d2094f80', 'ec2', 'i386', 'ubuntu', 'Ubuntu 12.04 Precise', '12.04', '0.7.222'),
(28051, 38244, 'ap-northeast-1', 'ami-5070c051', 'ec2', 'i386', 'ubuntu', 'Ubuntu 12.04 Precise', '12.04', '0.7.222'),
(28057, 38240, 'ap-northeast-1', 'ami-5270c053', 'ec2', 'i386', 'ubuntu', 'Ubuntu 12.04 Precise', '12.04', '0.7.222'),
(28063, 38245, 'ap-northeast-1', 'ami-5c70c05d', 'ec2', 'x86_64', 'ubuntu', 'Ubuntu 12.04 Precise', '12.04', '0.7.222'),
(28069, 38241, 'ap-northeast-1', 'ami-6a70c06b', 'ec2', 'x86_64', 'ubuntu', 'Ubuntu 12.04 Precise', '12.04', '0.7.222'),
(28075, 38243, 'ap-northeast-1', 'ami-6870c069', 'ec2', 'x86_64', 'ubuntu', 'Ubuntu 12.04 Precise', '12.04', '0.7.222'),
(28081, 38246, 'ap-northeast-1', 'ami-a870c0a9', 'ec2', 'x86_64', 'ubuntu', 'Ubuntu 12.04 Precise', '12.04', '0.7.222'),
(28088, 38240, 'sa-east-1', 'ami-52c51b4f', 'ec2', 'i386', 'ubuntu', 'Ubuntu 12.04 Precise', '12.04', '0.7.222'),
(28095, 38244, 'sa-east-1', 'ami-50c51b4d', 'ec2', 'i386', 'ubuntu', 'Ubuntu 12.04 Precise', '12.04', '0.7.222'),
(28102, 38241, 'sa-east-1', 'ami-46c51b5b', 'ec2', 'x86_64', 'ubuntu', 'Ubuntu 12.04 Precise', '12.04', '0.7.222'),
(28109, 38243, 'sa-east-1', 'ami-42c51b5f', 'ec2', 'x86_64', 'ubuntu', 'Ubuntu 12.04 Precise', '12.04', '0.7.222'),
(28115, 38242, 'sa-east-1', 'ami-7cc51b61', 'ec2', 'i386', 'ubuntu', 'Ubuntu 12.04 Precise', '12.04', '0.7.222'),
(28122, 38245, 'sa-east-1', 'ami-7ac51b67', 'ec2', 'x86_64', 'ubuntu', 'Ubuntu 12.04 Precise', '12.04', '0.7.222'),
(28132, 38246, 'sa-east-1', 'ami-92c51b8f', 'ec2', 'x86_64', 'ubuntu', 'Ubuntu 12.04 Precise', '12.04', '0.7.222'),
(28156, 38242, 'ap-northeast-1', 'ami-da71c1db', 'ec2', 'i386', 'ubuntu', 'Ubuntu 12.04 Precise', '12.04', '0.7.222'),
(28180, 38355, 'sa-east-1', 'ami-8ac21c97', 'ec2', 'i386', 'ubuntu', 'Ubuntu 12.04 Precise', '12.04', '0.7.222'),
(28181, 38356, 'us-east-1', 'ami-ce1bbea7', 'ec2', 'x86_64', 'ubuntu', 'Ubuntu 12.04 Precise', '12.04', '0.7.222'),
(28182, 38354, 'us-east-1', 'ami-f01bbe99', 'ec2', 'x86_64', 'ubuntu', 'Ubuntu 12.04 Precise', '12.04', '0.7.222'),
(28185, 38353, 'sa-east-1', 'ami-82c21c9f', 'ec2', 'i386', 'ubuntu', 'Ubuntu 12.04 Precise', '12.04', '0.7.222'),
(28192, 38353, 'us-east-1', 'ami-101abf79', 'ec2', 'i386', 'ubuntu', 'Ubuntu 12.04 Precise', '12.04', '0.7.222'),
(28194, 38356, 'sa-east-1', 'ami-b8c21ca5', 'ec2', 'x86_64', 'ubuntu', 'Ubuntu 12.04 Precise', '12.04', '0.7.222'),
(28196, 38355, 'us-east-1', 'ami-ec1abf85', 'ec2', 'i386', 'ubuntu', 'Ubuntu 12.04 Precise', '12.04', '0.7.222'),
(28200, 38354, 'sa-east-1', 'ami-bac21ca7', 'ec2', 'x86_64', 'ubuntu', 'Ubuntu 12.04 Precise', '12.04', '0.7.222'),
(28214, 38354, 'eu-west-1', 'ami-475b6133', 'ec2', 'x86_64', 'ubuntu', 'Ubuntu 12.04 Precise', '12.04', '0.7.222'),
(28218, 38356, 'eu-west-1', 'ami-415b6135', 'ec2', 'x86_64', 'ubuntu', 'Ubuntu 12.04 Precise', '12.04', '0.7.222'),
(28223, 38356, 'ap-southeast-1', 'ami-56125404', 'ec2', 'x86_64', 'ubuntu', 'Ubuntu 12.04 Precise', '12.04', '0.7.222'),
(28229, 38354, 'ap-southeast-1', 'ami-42125410', 'ec2', 'x86_64', 'ubuntu', 'Ubuntu 12.04 Precise', '12.04', '0.7.222'),
(28234, 38354, 'ap-northeast-1', 'ami-2a76c62b', 'ec2', 'x86_64', 'ubuntu', 'Ubuntu 12.04 Precise', '12.04', '0.7.222'),
(28242, 38356, 'ap-northeast-1', 'ami-2c76c62d', 'ec2', 'x86_64', 'ubuntu', 'Ubuntu 12.04 Precise', '12.04', '0.7.222'),
(28248, 38356, 'us-west-1', 'ami-a5d18ae0', 'ec2', 'x86_64', 'ubuntu', 'Ubuntu 12.04 Precise', '12.04', '0.7.222'),
(28254, 38354, 'us-west-1', 'ami-9bd18ade', 'ec2', 'x86_64', 'ubuntu', 'Ubuntu 12.04 Precise', '12.04', '0.7.222'),
(28262, 38356, 'us-west-2', 'ami-40a22e70', 'ec2', 'x86_64', 'ubuntu', 'Ubuntu 12.04 Precise', '12.04', '0.7.222'),
(28270, 38354, 'us-west-2', 'ami-b0a22e80', 'ec2', 'x86_64', 'ubuntu', 'Ubuntu 12.04 Precise', '12.04', '0.7.222'),
(28278, 38355, 'ap-northeast-1', 'ami-7876c679', 'ec2', 'i386', 'ubuntu', 'Ubuntu 12.04 Precise', '12.04', '0.7.222'),
(28283, 38355, 'ap-southeast-1', 'ami-3e12546c', 'ec2', 'i386', 'ubuntu', 'Ubuntu 12.04 Precise', '12.04', '0.7.222'),
(28290, 38353, 'ap-northeast-1', 'ami-7e76c67f', 'ec2', 'i386', 'ubuntu', 'Ubuntu 12.04 Precise', '12.04', '0.7.222'),
(28294, 38353, 'ap-southeast-1', 'ami-d0125482', 'ec2', 'i386', 'ubuntu', 'Ubuntu 12.04 Precise', '12.04', '0.7.222'),
(28299, 38355, 'eu-west-1', 'ami-55586221', 'ec2', 'i386', 'ubuntu', 'Ubuntu 12.04 Precise', '12.04', '0.7.222'),
(28304, 38353, 'eu-west-1', 'ami-6b58621f', 'ec2', 'i386', 'ubuntu', 'Ubuntu 12.04 Precise', '12.04', '0.7.222'),
(28315, 38353, 'us-west-1', 'ami-e3d08ba6', 'ec2', 'i386', 'ubuntu', 'Ubuntu 12.04 Precise', '12.04', '0.7.222'),
(28321, 38355, 'us-west-1', 'ami-edd08ba8', 'ec2', 'i386', 'ubuntu', 'Ubuntu 12.04 Precise', '12.04', '0.7.222'),
(28329, 38355, 'us-west-2', 'ami-daa22eea', 'ec2', 'i386', 'ubuntu', 'Ubuntu 12.04 Precise', '12.04', '0.7.222'),
(28337, 38353, 'us-west-2', 'ami-c0a22ef0', 'ec2', 'i386', 'ubuntu', 'Ubuntu 12.04 Precise', '12.04', '0.7.222'),
(29597, 16162, 'sa-east-1', 'ami-566eb04b', 'ec2', 'x86_64', 'centos', 'Centos 5.8 Final', '5', '0.7.228'),
(29687, 16161, 'sa-east-1', 'ami-046eb019', 'ec2', 'i386', 'centos', 'Centos 5.8 Final', '5', '0.7.228'),
(29776, 16161, 'us-west-2', 'ami-f677f8c6', 'ec2', 'i386', 'centos', 'Centos 5.8 Final', '5', '0.7.228'),
(29783, 16162, 'us-west-2', 'ami-4276f972', 'ec2', 'x86_64', 'centos', 'Centos 5.8 Final', '5', '0.7.228'),
(29977, 39551, 'sa-east-1', 'ami-2e15cb33', 'ec2', 'i386', 'ubuntu', 'Ubuntu 12.04 Precise', '12.04', '0.7.233'),
(29981, 39552, 'us-east-1', 'ami-10872779', 'ec2', 'x86_64', 'ubuntu', 'Ubuntu 12.04 Precise', '12.04', '0.7.233'),
(29983, 39551, 'us-east-1', 'ami-1e872777', 'ec2', 'i386', 'ubuntu', 'Ubuntu 12.04 Precise', '12.04', '0.7.233'),
(29987, 39552, 'sa-east-1', 'ami-2015cb3d', 'ec2', 'x86_64', 'ubuntu', 'Ubuntu 12.04 Precise', '12.04', '0.7.233'),
(29990, 39552, 'ap-northeast-1', 'ami-00a91a01', 'ec2', 'x86_64', 'ubuntu', 'Ubuntu 12.04 Precise', '12.04', '0.7.233'),
(29995, 39551, 'ap-northeast-1', 'ami-feaa19ff', 'ec2', 'i386', 'ubuntu', 'Ubuntu 12.04 Precise', '12.04', '0.7.233'),
(29999, 39551, 'ap-southeast-1', 'ami-2cb3f57e', 'ec2', 'i386', 'ubuntu', 'Ubuntu 12.04 Precise', '12.04', '0.7.233'),
(30005, 39552, 'eu-west-1', 'ami-3f181d4b', 'ec2', 'x86_64', 'ubuntu', 'Ubuntu 12.04 Precise', '12.04', '0.7.233'),
(30010, 39551, 'eu-west-1', 'ami-e5181d91', 'ec2', 'i386', 'ubuntu', 'Ubuntu 12.04 Precise', '12.04', '0.7.233'),
(30019, 39552, 'us-west-1', 'ami-cfb0ea8a', 'ec2', 'x86_64', 'ubuntu', 'Ubuntu 12.04 Precise', '12.04', '0.7.233'),
(30025, 39551, 'us-west-1', 'ami-e9b0eaac', 'ec2', 'i386', 'ubuntu', 'Ubuntu 12.04 Precise', '12.04', '0.7.233'),
(30031, 39552, 'us-west-2', 'ami-6c0a865c', 'ec2', 'x86_64', 'ubuntu', 'Ubuntu 12.04 Precise', '12.04', '0.7.233'),
(30039, 39551, 'us-west-2', 'ami-540a8664', 'ec2', 'i386', 'ubuntu', 'Ubuntu 12.04 Precise', '12.04', '0.7.233'),
(30075, 39552, 'ap-southeast-1', 'ami-5cbff90e', 'ec2', 'x86_64', 'ubuntu', 'Ubuntu 12.04 Precise', '12.04', '0.7.233'),
(32062, 41353, 'us-east-1', 'ami-4514bd2c', 'ec2', 'x86_64', NULL, '  ', '0', NULL),
(32115, 41404, 'us-east-1', 'ami-abc068c2', 'ec2', 'i386', 'centos', 'Centos 6.2 Final', '6', '0.9.r3777'),
(32119, 41406, 'us-east-1', 'ami-a9c068c0', 'ec2', 'i386', 'centos', 'Centos 6.2 Final', '6', '0.9.r3777'),
(32121, 41402, 'us-east-1', 'ami-d5c068bc', 'ec2', 'i386', 'centos', 'Centos 6.2 Final', '6', '0.9.r3777'),
(32123, 41410, 'us-east-1', 'ami-61c16908', 'ec2', 'i386', 'centos', 'Centos 6.2 Final', '6', '0.9.r3777'),
(32125, 41408, 'us-east-1', 'ami-67c1690e', 'ec2', 'i386', 'centos', 'Centos 6.2 Final', '6', '0.9.r3777'),
(32127, 41403, 'us-east-1', 'ami-1fc26a76', 'ec2', 'x86_64', 'centos', 'Centos 6.2 Final', '6', '0.9.r3777'),
(32129, 41405, 'us-east-1', 'ami-abc26ac2', 'ec2', 'x86_64', 'centos', 'Centos 6.2 Final', '6', '0.9.r3777'),
(32132, 41407, 'us-east-1', 'ami-09c36b60', 'ec2', 'x86_64', 'centos', 'Centos 6.2 Final', '6', '0.9.r3777'),
(32133, 41409, 'us-east-1', 'ami-d9c36bb0', 'ec2', 'x86_64', 'centos', 'Centos 6.2 Final', '6', '0.9.r3777'),
(32134, 41411, 'us-east-1', 'ami-6bc46c02', 'ec2', 'x86_64', 'centos', 'Centos 6.2 Final', '6', '0.9.r3777'),
(32136, 41416, 'us-east-1', 'ami-37c56d5e', 'ec2', 'x86_64', 'centos', 'Centos 6.2 Final', '6', '0.9.r3777'),
(32147, 41413, 'us-east-1', 'ami-6bc66e02', 'ec2', 'x86_64', 'centos', 'Centos 6.2 Final', '6', '0.9.r3777'),
(32149, 41415, 'us-east-1', 'ami-0bc66e62', 'ec2', 'x86_64', 'centos', 'Centos 6.2 Final', '6', '0.9.r3777'),
(32157, 41412, 'us-east-1', 'ami-bdc66ed4', 'ec2', 'i386', 'centos', 'Centos 6.2 Final', '6', '0.9.r3777'),
(32160, 41414, 'us-east-1', 'ami-87c66eee', 'ec2', 'i386', 'centos', 'Centos 6.2 Final', '6', '0.9.r3777'),
(32167, 41408, 'us-west-1', 'ami-59a88d1c', 'ec2', 'i386', 'centos', 'Centos 6.3 Final', '6', '0.9.r3777'),
(32169, 41406, 'us-west-1', 'ami-5fa88d1a', 'ec2', 'i386', 'centos', 'Centos 6.3 Final', '6', '0.9.r3777'),
(32173, 41404, 'us-west-1', 'ami-5da88d18', 'ec2', 'i386', 'centos', 'Centos 6.3 Final', '6', '0.9.r3777'),
(32177, 41402, 'us-west-1', 'ami-75a88d30', 'ec2', 'i386', 'centos', 'Centos 6.3 Final', '6', '0.9.r3777'),
(32179, 41410, 'us-west-1', 'ami-71a88d34', 'ec2', 'i386', 'centos', 'Centos 6.3 Final', '6', '0.9.r3777'),
(32181, 41412, 'us-west-1', 'ami-73a88d36', 'ec2', 'i386', 'centos', 'Centos 6.3 Final', '6', '0.9.r3777'),
(32184, 41414, 'us-west-1', 'ami-0fa88d4a', 'ec2', 'i386', 'centos', 'Centos 6.3 Final', '6', '0.9.r3777'),
(32196, 41403, 'us-west-1', 'ami-e7a88da2', 'ec2', 'x86_64', 'centos', 'Centos 6.3 Final', '6', '0.9.r3777'),
(32198, 41407, 'us-west-1', 'ami-e5a88da0', 'ec2', 'x86_64', 'centos', 'Centos 6.3 Final', '6', '0.9.r3777'),
(32200, 41405, 'us-west-1', 'ami-e1a88da4', 'ec2', 'x86_64', 'centos', 'Centos 6.3 Final', '6', '0.9.r3777'),
(32205, 41409, 'us-west-1', 'ami-fda88db8', 'ec2', 'x86_64', 'centos', 'Centos 6.3 Final', '6', '0.9.r3777'),
(32210, 41413, 'us-west-1', 'ami-ffa88dba', 'ec2', 'x86_64', 'centos', 'Centos 6.3 Final', '6', '0.9.r3777'),
(32213, 41411, 'us-west-1', 'ami-f3a88db6', 'ec2', 'x86_64', 'centos', 'Centos 6.3 Final', '6', '0.9.r3777'),
(32291, 41402, 'us-west-2', 'ami-1256d922', 'ec2', 'i386', 'centos', 'Centos 6.3 Final', '6', '0.9.r3777'),
(32293, 41415, 'us-west-1', 'ami-95a88dd0', 'ec2', 'x86_64', 'centos', 'Centos 6.3 Final', '6', '0.9.r3777'),
(32295, 41416, 'us-west-1', 'ami-a1a88de4', 'ec2', 'x86_64', 'centos', 'Centos 6.3 Final', '6', '0.9.r3777'),
(32298, 41406, 'us-west-2', 'ami-7256d942', 'ec2', 'i386', 'centos', 'Centos 6.3 Final', '6', '0.9.r3777'),
(32302, 41404, 'us-west-2', 'ami-7656d946', 'ec2', 'i386', 'centos', 'Centos 6.3 Final', '6', '0.9.r3777'),
(32306, 41408, 'us-west-2', 'ami-6456d954', 'ec2', 'i386', 'centos', 'Centos 6.3 Final', '6', '0.9.r3777'),
(32309, 41410, 'us-west-2', 'ami-6e56d95e', 'ec2', 'i386', 'centos', 'Centos 6.3 Final', '6', '0.9.r3777'),
(32312, 41412, 'us-west-2', 'ami-5856d968', 'ec2', 'i386', 'centos', 'Centos 6.3 Final', '6', '0.9.r3777'),
(32315, 41414, 'us-west-2', 'ami-5e56d96e', 'ec2', 'i386', 'centos', 'Centos 6.3 Final', '6', '0.9.r3777'),
(32319, 41403, 'us-west-2', 'ami-4456d974', 'ec2', 'x86_64', 'centos', 'Centos 6.3 Final', '6', '0.9.r3777'),
(32322, 41405, 'us-west-2', 'ami-4a56d97a', 'ec2', 'x86_64', 'centos', 'Centos 6.3 Final', '6', '0.9.r3777'),
(32325, 41407, 'us-west-2', 'ami-4e56d97e', 'ec2', 'x86_64', 'centos', 'Centos 6.3 Final', '6', '0.9.r3777'),
(32328, 41409, 'us-west-2', 'ami-b256d982', 'ec2', 'x86_64', 'centos', 'Centos 6.3 Final', '6', '0.9.r3777'),
(32331, 41411, 'us-west-2', 'ami-ba56d98a', 'ec2', 'x86_64', 'centos', 'Centos 6.3 Final', '6', '0.9.r3777'),
(32334, 41413, 'us-west-2', 'ami-a256d992', 'ec2', 'x86_64', 'centos', 'Centos 6.3 Final', '6', '0.9.r3777'),
(32337, 41415, 'us-west-2', 'ami-aa56d99a', 'ec2', 'x86_64', 'centos', 'Centos 6.3 Final', '6', '0.9.r3777'),
(32341, 41402, 'eu-west-1', 'ami-1962656d', 'ec2', 'i386', 'centos', 'Centos 6.3 Final', '6', '0.9.r3777'),
(32344, 41416, 'us-west-2', 'ami-9656d9a6', 'ec2', 'x86_64', 'centos', 'Centos 6.3 Final', '6', '0.9.r3777'),
(32348, 41404, 'eu-west-1', 'ami-01626575', 'ec2', 'i386', 'centos', 'Centos 6.3 Final', '6', '0.9.r3777'),
(32352, 41406, 'eu-west-1', 'ami-fb62658f', 'ec2', 'i386', 'centos', 'Centos 6.3 Final', '6', '0.9.r3777'),
(32356, 41410, 'eu-west-1', 'ami-f962658d', 'ec2', 'i386', 'centos', 'Centos 6.3 Final', '6', '0.9.r3777'),
(32360, 41408, 'eu-west-1', 'ami-e1626595', 'ec2', 'i386', 'centos', 'Centos 6.3 Final', '6', '0.9.r3777'),
(32364, 41407, 'eu-west-1', 'ami-d76265a3', 'ec2', 'x86_64', 'centos', 'Centos 6.3 Final', '6', '0.9.r3777'),
(32368, 41414, 'eu-west-1', 'ami-d56265a1', 'ec2', 'i386', 'centos', 'Centos 6.3 Final', '6', '0.9.r3777'),
(32372, 41412, 'eu-west-1', 'ami-d16265a5', 'ec2', 'i386', 'centos', 'Centos 6.3 Final', '6', '0.9.r3777'),
(32376, 41403, 'eu-west-1', 'ami-c36265b7', 'ec2', 'x86_64', 'centos', 'Centos 6.3 Final', '6', '0.9.r3777'),
(32380, 41405, 'eu-west-1', 'ami-c16265b5', 'ec2', 'x86_64', 'centos', 'Centos 6.3 Final', '6', '0.9.r3777'),
(32384, 41411, 'eu-west-1', 'ami-bd6265c9', 'ec2', 'x86_64', 'centos', 'Centos 6.3 Final', '6', '0.9.r3777'),
(32388, 41413, 'eu-west-1', 'ami-b96265cd', 'ec2', 'x86_64', 'centos', 'Centos 6.3 Final', '6', '0.9.r3777'),
(32392, 41415, 'eu-west-1', 'ami-a36265d7', 'ec2', 'x86_64', 'centos', 'Centos 6.3 Final', '6', '0.9.r3777'),
(32397, 41402, 'ap-southeast-1', 'ami-76713024', 'ec2', 'i386', 'centos', 'Centos 6.3 Final', '6', '0.9.r3777'),
(32402, 41404, 'ap-southeast-1', 'ami-7c71302e', 'ec2', 'i386', 'centos', 'Centos 6.3 Final', '6', '0.9.r3777'),
(32406, 41416, 'eu-west-1', 'ami-73616607', 'ec2', 'x86_64', 'centos', 'Centos 6.3 Final', '6', '0.9.r3777'),
(32411, 41406, 'ap-southeast-1', 'ami-6c71303e', 'ec2', 'i386', 'centos', 'Centos 6.3 Final', '6', '0.9.r3777'),
(32416, 41412, 'ap-southeast-1', 'ami-00713052', 'ec2', 'i386', 'centos', 'Centos 6.3 Final', '6', '0.9.r3777'),
(32421, 41408, 'ap-southeast-1', 'ami-06713054', 'ec2', 'i386', 'centos', 'Centos 6.3 Final', '6', '0.9.r3777'),
(32426, 41410, 'ap-southeast-1', 'ami-0c71305e', 'ec2', 'i386', 'centos', 'Centos 6.3 Final', '6', '0.9.r3777'),
(32431, 41414, 'ap-southeast-1', 'ami-32713060', 'ec2', 'i386', 'centos', 'Centos 6.3 Final', '6', '0.9.r3777'),
(32436, 41405, 'ap-southeast-1', 'ami-34713066', 'ec2', 'x86_64', 'centos', 'Centos 6.3 Final', '6', '0.9.r3777'),
(32440, 41409, 'ap-southeast-1', 'ami-3a713068', 'ec2', 'x86_64', 'centos', 'Centos 6.3 Final', '6', '0.9.r3777'),
(32445, 41403, 'ap-southeast-1', 'ami-3871306a', 'ec2', 'x86_64', 'centos', 'Centos 6.3 Final', '6', '0.9.r3777'),
(32450, 41407, 'ap-southeast-1', 'ami-22713070', 'ec2', 'x86_64', 'centos', 'Centos 6.3 Final', '6', '0.9.r3777'),
(32455, 41411, 'ap-southeast-1', 'ami-2a713078', 'ec2', 'x86_64', 'centos', 'Centos 6.3 Final', '6', '0.9.r3777'),
(32460, 41415, 'ap-southeast-1', 'ami-2871307a', 'ec2', 'x86_64', 'centos', 'Centos 6.3 Final', '6', '0.9.r3777'),
(32465, 41413, 'ap-southeast-1', 'ami-d4713086', 'ec2', 'x86_64', 'centos', 'Centos 6.3 Final', '6', '0.9.r3777'),
(32471, 41406, 'ap-northeast-1', 'ami-c42e9cc5', 'ec2', 'i386', 'centos', 'Centos 6.3 Final', '6', '0.9.r3777'),
(32477, 41402, 'ap-northeast-1', 'ami-c62e9cc7', 'ec2', 'i386', 'centos', 'Centos 6.3 Final', '6', '0.9.r3777'),
(32482, 41416, 'ap-southeast-1', 'ami-ce71309c', 'ec2', 'x86_64', 'centos', 'Centos 6.3 Final', '6', '0.9.r3777'),
(32488, 41404, 'ap-northeast-1', 'ami-ce2e9ccf', 'ec2', 'i386', 'centos', 'Centos 6.3 Final', '6', '0.9.r3777'),
(32494, 41412, 'ap-northeast-1', 'ami-d22e9cd3', 'ec2', 'i386', 'centos', 'Centos 6.3 Final', '6', '0.9.r3777'),
(32500, 41408, 'ap-northeast-1', 'ami-d42e9cd5', 'ec2', 'i386', 'centos', 'Centos 6.3 Final', '6', '0.9.r3777'),
(32506, 41410, 'ap-northeast-1', 'ami-de2e9cdf', 'ec2', 'i386', 'centos', 'Centos 6.3 Final', '6', '0.9.r3777'),
(32512, 41414, 'ap-northeast-1', 'ami-ea2e9ceb', 'ec2', 'i386', 'centos', 'Centos 6.3 Final', '6', '0.9.r3777'),
(32518, 41403, 'ap-northeast-1', 'ami-ec2e9ced', 'ec2', 'x86_64', 'centos', 'Centos 6.3 Final', '6', '0.9.r3777'),
(32524, 41407, 'ap-northeast-1', 'ami-fc2e9cfd', 'ec2', 'x86_64', 'centos', 'Centos 6.3 Final', '6', '0.9.r3777'),
(32530, 41405, 'ap-northeast-1', 'ami-fe2e9cff', 'ec2', 'x86_64', 'centos', 'Centos 6.3 Final', '6', '0.9.r3777'),
(32535, 41409, 'ap-northeast-1', 'ami-062f9d07', 'ec2', 'x86_64', 'centos', 'Centos 6.3 Final', '6', '0.9.r3777'),
(32541, 41411, 'ap-northeast-1', 'ami-0c2f9d0d', 'ec2', 'x86_64', 'centos', 'Centos 6.3 Final', '6', '0.9.r3777'),
(32547, 41416, 'ap-northeast-1', 'ami-1c2f9d1d', 'ec2', 'x86_64', 'centos', 'Centos 6.3 Final', '6', '0.9.r3777'),
(32554, 41402, 'sa-east-1', 'ami-ae419fb3', 'ec2', 'i386', 'centos', 'Centos 6.3 Final', '6', '0.9.r3777'),
(32560, 41415, 'ap-northeast-1', 'ami-222f9d23', 'ec2', 'x86_64', 'centos', 'Centos 6.3 Final', '6', '0.9.r3777'),
(32566, 41413, 'ap-northeast-1', 'ami-262f9d27', 'ec2', 'x86_64', 'centos', 'Centos 6.3 Final', '6', '0.9.r3777'),
(32573, 41406, 'sa-east-1', 'ami-a0419fbd', 'ec2', 'i386', 'centos', 'Centos 6.3 Final', '6', '0.9.r3777'),
(32580, 41404, 'sa-east-1', 'ami-a2419fbf', 'ec2', 'i386', 'centos', 'Centos 6.3 Final', '6', '0.9.r3777'),
(32587, 41408, 'sa-east-1', 'ami-da419fc7', 'ec2', 'i386', 'centos', 'Centos 6.3 Final', '6', '0.9.r3777'),
(32594, 41403, 'sa-east-1', 'ami-e4419ff9', 'ec2', 'x86_64', 'centos', 'Centos 6.3 Final', '6', '0.9.r3777'),
(32601, 41405, 'sa-east-1', 'ami-e0419ffd', 'ec2', 'x86_64', 'centos', 'Centos 6.3 Final', '6', '0.9.r3777'),
(32608, 41413, 'sa-east-1', 'ami-367ea02b', 'ec2', 'x86_64', 'centos', 'Centos 6.3 Final', '6', '0.9.r3777'),
(32616, 41415, 'sa-east-1', 'ami-287ea035', 'ec2', 'x86_64', 'centos', 'Centos 6.3 Final', '6', '0.9.r3777'),
(32625, 41416, 'sa-east-1', 'ami-247ea039', 'ec2', 'x86_64', 'centos', 'Centos 6.3 Final', '6', '0.9.r3777'),
(32657, 41409, 'eu-west-1', 'ami-497f783d', 'ec2', 'x86_64', 'centos', 'Centos 6.3 Final', '6', '0.9.r3777'),
(33388, 24159, 'us-west-2', 'ami-9c77f8ac', 'ec2', 'i386', 'centos', 'Centos 5.8 Final', '5', '0.9.r3902'),
(33436, 24156, 'us-west-2', 'ami-d877f8e8', 'ec2', 'x86_64', 'centos', 'Centos 5.8 Final', '5', '0.9.r3902'),
(33485, 24159, 'sa-east-1', 'ami-166eb00b', 'ec2', 'i386', 'centos', 'Centos 5.8 Final', '5', '0.9.r3902'),
(33548, 24156, 'sa-east-1', 'ami-2a6eb037', 'ec2', 'x86_64', 'centos', 'Centos 5.8 Final', '5', '0.9.r3902'),
(33688, 41407, 'sa-east-1', 'ami-be6eb0a3', 'ec2', 'x86_64', 'centos', 'Centos 6.3 Final', '6', '0.9.r3902'),
(33695, 41409, 'sa-east-1', 'ami-b46eb0a9', 'ec2', 'x86_64', 'centos', 'Centos 6.3 Final', '6', '0.9.r3902'),
(36961, 41403, 'jp-east-t1v', '1934', 'idcf', 'x86_64', 'centos', 'CentOS 6.1 Final', '6', NULL),
(36969, 41407, 'jp-east-t1v', '1945', 'idcf', 'x86_64', 'centos', 'CentOS 6.1 Final', '6', NULL),
(36977, 41405, 'jp-east-t1v', '1956', 'idcf', 'x86_64', 'centos', 'CentOS 6.1 Final', '6', NULL),
(36978, 44731, 'jp-east-t1v', '1949', 'idcf', 'x86_64', 'centos', 'CentOS 6.1 Final', '6', NULL),
(36986, 41409, 'jp-east-t1v', '1923', 'idcf', 'x86_64', 'centos', 'CentOS 6.1 Final', '6', NULL),
(36993, 41411, 'jp-east-t1v', '1933', 'idcf', 'x86_64', 'centos', 'CentOS 6.1 Final', '6', NULL),
(37001, 41415, 'jp-east-t1v', '1931', 'idcf', 'x86_64', 'centos', 'CentOS 6.1 Final', '6', NULL),
(37009, 41413, 'jp-east-t1v', '1932', 'idcf', 'x86_64', 'centos', 'CentOS 6.1 Final', '6', NULL),
(37010, 44732, 'jp-east-t1v', '1946', 'idcf', 'x86_64', 'centos', 'CentOS 6.1 Final', '6', NULL),
(37600, 45283, 'us-east-1', 'ami-f8c24691', 'ec2', 'x86_64', 'centos', 'CentOS 6.4 Final', '6', NULL),
(37691, 38240, 'ap-southeast-2', 'ami-238f1819', 'ec2', 'i386', NULL, NULL, NULL, '0.9.r4445'),
(37704, 38355, 'ap-southeast-2', 'ami-158f182f', 'ec2', 'i386', NULL, NULL, NULL, '0.9.r4445'),
(37712, 38244, 'ap-southeast-2', 'ami-118f182b', 'ec2', 'i386', NULL, NULL, NULL, '0.9.r4445'),
(37720, 38242, 'ap-southeast-2', 'ami-098f1833', 'ec2', 'i386', NULL, NULL, NULL, '0.9.r4445'),
(37728, 38353, 'ap-southeast-2', 'ami-0b8f1831', 'ec2', 'i386', NULL, NULL, NULL, '0.9.r4445'),
(37736, 39551, 'ap-southeast-2', 'ami-178f182d', 'ec2', 'i386', NULL, NULL, NULL, '0.9.r4445'),
(37753, 39552, 'ap-southeast-2', 'ami-798f1843', 'ec2', 'x86_64', NULL, NULL, NULL, '0.9.r4445'),
(37761, 38246, 'ap-southeast-2', 'ami-078f183d', 'ec2', 'x86_64', NULL, NULL, NULL, '0.9.r4445'),
(37769, 38356, 'ap-southeast-2', 'ami-058f183f', 'ec2', 'x86_64', NULL, NULL, NULL, '0.9.r4445'),
(37777, 38245, 'ap-southeast-2', 'ami-7d8f1847', 'ec2', 'x86_64', NULL, NULL, NULL, '0.9.r4445'),
(37785, 38243, 'ap-southeast-2', 'ami-7b8f1841', 'ec2', 'x86_64', NULL, NULL, NULL, '0.9.r4445'),
(37794, 38354, 'ap-southeast-2', 'ami-7f8f1845', 'ec2', 'x86_64', NULL, NULL, NULL, '0.9.r4445'),
(37807, 18616, 'ap-southeast-2', 'ami-e744d3dd', 'ec2', 'x86_64', NULL, NULL, '0', '0.9.r4445'),
(37815, 27481, 'ap-southeast-2', 'ami-d15bcceb', 'ec2', 'x86_64', NULL, NULL, '0', '0.9.r4445'),
(37823, 18620, 'ap-southeast-2', 'ami-498f1873', 'ec2', 'x86_64', NULL, NULL, '0', '0.9.r4445'),
(37831, 25952, 'ap-southeast-2', 'ami-438f1879', 'ec2', 'x86_64', NULL, NULL, '0', '0.9.r4445'),
(37839, 33205, 'ap-southeast-2', 'ami-e144d3db', 'ec2', 'x86_64', NULL, NULL, '0', '0.9.r4445');
INSERT INTO `role_images` (`id`, `role_id`, `cloud_location`, `image_id`, `platform`, `architecture`, `os_family`, `os_name`, `os_version`, `agent_version`) VALUES
(37849, 18622, 'ap-southeast-2', 'ami-db44d3e1', 'ec2', 'x86_64', NULL, NULL, '0', '0.9.r4445'),
(37857, 31011, 'ap-southeast-2', 'ami-458f187f', 'ec2', 'x86_64', NULL, NULL, '0', '0.9.r4445'),
(37866, 18624, 'ap-southeast-2', 'ami-b98f1883', 'ec2', 'x86_64', NULL, NULL, '0', '0.9.r4445'),
(37875, 18618, 'ap-southeast-2', 'ami-e544d3df', 'ec2', 'x86_64', NULL, NULL, '0', '0.9.r4445'),
(37888, 31024, 'ap-southeast-2', 'ami-a58f189f', 'ec2', 'i386', NULL, NULL, '0', '0.9.r4456'),
(37896, 18621, 'ap-southeast-2', 'ami-a78f189d', 'ec2', 'i386', NULL, NULL, '0', '0.9.r4456'),
(37908, 25955, 'ap-southeast-2', 'ami-9f8f18a5', 'ec2', 'i386', NULL, NULL, '0', '0.9.r4456'),
(37916, 18615, 'ap-southeast-2', 'ami-998f18a3', 'ec2', 'i386', NULL, NULL, '0', '0.9.r4456'),
(37924, 18619, 'ap-southeast-2', 'ami-9d8f18a7', 'ec2', 'i386', NULL, NULL, '0', '0.9.r4456'),
(37932, 27506, 'ap-southeast-2', 'ami-9b8f18a1', 'ec2', 'i386', NULL, NULL, '0', '0.9.r4456'),
(37942, 18623, 'ap-southeast-2', 'ami-938f18a9', 'ec2', 'i386', NULL, NULL, '0', '0.9.r4456'),
(37950, 18617, 'ap-southeast-2', 'ami-918f18ab', 'ec2', 'i386', NULL, NULL, '0', '0.9.r4456'),
(37986, 24151, 'ap-southeast-2', 'ami-ff8d1ac5', 'ec2', 'x86_64', 'ubuntu', 'Ubuntu 10.04 Lucid', '0', '0.9.r4456'),
(37994, 26542, 'ap-southeast-2', 'ami-fd8d1ac7', 'ec2', 'x86_64', 'ubuntu', 'Ubuntu 10.04 Lucid', '0', '0.9.r4456'),
(38038, 26539, 'ap-southeast-2', 'ami-cd8d1af7', 'ec2', 'i386', 'ubuntu', 'Ubuntu 10.04 Lucid', '10.04', '0.9.r4456'),
(38046, 24154, 'ap-southeast-2', 'ami-cf8d1af5', 'ec2', 'i386', 'ubuntu', 'Ubuntu 10.04 Lucid', '10.04', '0.9.r4456');


INSERT INTO `role_parameters` (`id`, `role_id`, `name`, `type`, `isrequired`, `defval`, `allow_multiple_choice`, `options`, `hash`, `issystem`) VALUES
(8088, 28917, 'Nginx HTTPS Vhost Template', 'textarea', 1, '{literal}server { {/literal}\r\n	listen       443;\r\n	server_name  {$host} www.{$host} {$server_alias};\r\n	\r\n	ssl                  on;\r\n	ssl_certificate      /etc/aws/keys/ssl/https.crt;\r\n	ssl_certificate_key  /etc/aws/keys/ssl/https.key;\r\n\r\n	ssl_session_timeout  10m;\r\n	ssl_session_cache    shared:SSL:10m;\r\n\r\n	ssl_protocols  SSLv2 SSLv3 TLSv1;\r\n	ssl_ciphers  ALL:!ADH:!EXPORT56:RC4+RSA:+HIGH:+MEDIUM:+LOW:+SSLv2:+EXP;\r\n	ssl_prefer_server_ciphers   on;\r\n{literal}\r\n	location / {\r\n		proxy_pass         http://backend;\r\n		proxy_set_header   Host             $host;\r\n		proxy_set_header   X-Real-IP        $remote_addr;\r\n		proxy_set_header   X-Forwarded-For  $proxy_add_x_forwarded_for;\r\n\r\n		client_max_body_size       10m;\r\n		client_body_buffer_size    128k;\r\n  \r\n		proxy_buffering on;\r\n		proxy_connect_timeout 15;\r\n		proxy_intercept_errors on;  \r\n    }\r\n} {/literal}', 0, '', 'nginx_https_vhost_template', 1),
(10132, 18017, 'Nginx HTTPS Vhost Template', 'textarea', 1, '{literal}server { {/literal}\r\n	listen       443;\r\n	server_name  {$host} www.{$host} {$server_alias};\r\n	\r\n	ssl                  on;\r\n	ssl_certificate      /etc/aws/keys/ssl/https.crt;\r\n	ssl_certificate_key  /etc/aws/keys/ssl/https.key;\r\n\r\n	ssl_session_timeout  10m;\r\n	ssl_session_cache    shared:SSL:10m;\r\n\r\n	ssl_protocols  SSLv2 SSLv3 TLSv1;\r\n	ssl_ciphers  ALL:!ADH:!EXPORT56:RC4+RSA:+HIGH:+MEDIUM:+LOW:+SSLv2:+EXP;\r\n	ssl_prefer_server_ciphers   on;\r\n{literal}\r\n	location / {\r\n		proxy_pass         http://backend;\r\n		proxy_set_header   Host             $host;\r\n		proxy_set_header   X-Real-IP        $remote_addr;\r\n		proxy_set_header   X-Forwarded-For  $proxy_add_x_forwarded_for;\r\n\r\n		client_max_body_size       10m;\r\n		client_body_buffer_size    128k;\r\n  \r\n		proxy_buffering on;\r\n		proxy_connect_timeout 15;\r\n		proxy_intercept_errors on;  \r\n    }\r\n} {/literal}', 0, '', 'nginx_https_vhost_template', 1),
(10133, 18018, 'Nginx HTTPS Vhost Template', 'textarea', 1, '{literal}server { {/literal}\r\n	listen       443;\r\n	server_name  {$host} www.{$host} {$server_alias};\r\n	\r\n	ssl                  on;\r\n	ssl_certificate      /etc/aws/keys/ssl/https.crt;\r\n	ssl_certificate_key  /etc/aws/keys/ssl/https.key;\r\n\r\n	ssl_session_timeout  10m;\r\n	ssl_session_cache    shared:SSL:10m;\r\n\r\n	ssl_protocols  SSLv2 SSLv3 TLSv1;\r\n	ssl_ciphers  ALL:!ADH:!EXPORT56:RC4+RSA:+HIGH:+MEDIUM:+LOW:+SSLv2:+EXP;\r\n	ssl_prefer_server_ciphers   on;\r\n{literal}\r\n	location / {\r\n		proxy_pass         http://backend;\r\n		proxy_set_header   Host             $host;\r\n		proxy_set_header   X-Real-IP        $remote_addr;\r\n		proxy_set_header   X-Forwarded-For  $proxy_add_x_forwarded_for;\r\n\r\n		client_max_body_size       10m;\r\n		client_body_buffer_size    128k;\r\n  \r\n		proxy_buffering on;\r\n		proxy_connect_timeout 15;\r\n		proxy_intercept_errors on;  \r\n    }\r\n} {/literal}', 0, '', 'nginx_https_vhost_template', 1),
(10134, 41404, 'Nginx HTTPS Vhost Template', 'textarea', 1, '{literal}server { {/literal}\r\n	listen       443;\r\n	server_name  {$host} www.{$host} {$server_alias};\r\n	\r\n	ssl                  on;\r\n	ssl_certificate      /etc/aws/keys/ssl/https.crt;\r\n	ssl_certificate_key  /etc/aws/keys/ssl/https.key;\r\n\r\n	ssl_session_timeout  10m;\r\n	ssl_session_cache    shared:SSL:10m;\r\n\r\n	ssl_protocols  SSLv2 SSLv3 TLSv1;\r\n	ssl_ciphers  ALL:!ADH:!EXPORT56:RC4+RSA:+HIGH:+MEDIUM:+LOW:+SSLv2:+EXP;\r\n	ssl_prefer_server_ciphers   on;\r\n{literal}\r\n	location / {\r\n		proxy_pass         http://backend;\r\n		proxy_set_header   Host             $host;\r\n		proxy_set_header   X-Real-IP        $remote_addr;\r\n		proxy_set_header   X-Forwarded-For  $proxy_add_x_forwarded_for;\r\n\r\n		client_max_body_size       10m;\r\n		client_body_buffer_size    128k;\r\n  \r\n		proxy_buffering on;\r\n		proxy_connect_timeout 15;\r\n		proxy_intercept_errors on;  \r\n    }\r\n} {/literal}', 0, '', 'nginx_https_vhost_template', 1),
(10382, 41405, 'Nginx HTTPS Vhost Template', 'textarea', 1, '{literal}server { {/literal}\r\n	listen       443;\r\n	server_name  {$host} www.{$host} {$server_alias};\r\n	\r\n	ssl                  on;\r\n	ssl_certificate      /etc/aws/keys/ssl/https.crt;\r\n	ssl_certificate_key  /etc/aws/keys/ssl/https.key;\r\n\r\n	ssl_session_timeout  10m;\r\n	ssl_session_cache    shared:SSL:10m;\r\n\r\n	ssl_protocols  SSLv2 SSLv3 TLSv1;\r\n	ssl_ciphers  ALL:!ADH:!EXPORT56:RC4+RSA:+HIGH:+MEDIUM:+LOW:+SSLv2:+EXP;\r\n	ssl_prefer_server_ciphers   on;\r\n{literal}\r\n	location / {\r\n		proxy_pass         http://backend;\r\n		proxy_set_header   Host             $host;\r\n		proxy_set_header   X-Real-IP        $remote_addr;\r\n		proxy_set_header   X-Forwarded-For  $proxy_add_x_forwarded_for;\r\n\r\n		client_max_body_size       10m;\r\n		client_body_buffer_size    128k;\r\n  \r\n		proxy_buffering on;\r\n		proxy_connect_timeout 15;\r\n		proxy_intercept_errors on;  \r\n    }\r\n} {/literal}', 0, '', 'nginx_https_vhost_template', 1),
(10383, 44732, 'Nginx HTTPS Vhost Template', 'textarea', 1, '{literal}server { {/literal}\r\n	listen       443;\r\n	server_name  {$host} www.{$host} {$server_alias};\r\n	\r\n	ssl                  on;\r\n	ssl_certificate      /etc/aws/keys/ssl/https.crt;\r\n	ssl_certificate_key  /etc/aws/keys/ssl/https.key;\r\n\r\n	ssl_session_timeout  10m;\r\n	ssl_session_cache    shared:SSL:10m;\r\n\r\n	ssl_protocols  SSLv2 SSLv3 TLSv1;\r\n	ssl_ciphers  ALL:!ADH:!EXPORT56:RC4+RSA:+HIGH:+MEDIUM:+LOW:+SSLv2:+EXP;\r\n	ssl_prefer_server_ciphers   on;\r\n{literal}\r\n	location / {\r\n		proxy_pass         http://backend;\r\n		proxy_set_header   Host             $host;\r\n		proxy_set_header   X-Real-IP        $remote_addr;\r\n		proxy_set_header   X-Forwarded-For  $proxy_add_x_forwarded_for;\r\n\r\n		client_max_body_size       10m;\r\n		client_body_buffer_size    128k;\r\n  \r\n		proxy_buffering on;\r\n		proxy_connect_timeout 15;\r\n		proxy_intercept_errors on;  \r\n    }\r\n} {/literal}', 0, '', 'nginx_https_vhost_template', 1);


INSERT INTO `role_properties` (`id`, `role_id`, `name`, `value`) VALUES
(9557, 25052, 'system.ssh-port', '22'),
(9560, 25056, 'system.ssh-port', '22'),
(9629, 25162, 'system.ssh-port', '22'),
(9630, 25163, 'system.ssh-port', '22'),
(12054, 28917, 'system.ssh-port', '22'),
(12057, 28921, 'system.ssh-port', '22'),
(12058, 28922, 'system.ssh-port', '22'),
(12061, 28925, 'system.ssh-port', '22'),
(16269, 35144, 'system.ssh-port', '22'),
(18327, 38241, 'system.ssh-port', '22'),
(20556, 41353, 'system.ssh-port', '22'),
(20714, 41412, 'system.ssh-port', '22'),
(20716, 41410, 'system.ssh-port', '22'),
(20717, 41414, 'system.ssh-port', '22'),
(20724, 41402, 'system.ssh-port', '22'),
(20727, 41406, 'system.ssh-port', '22'),
(20728, 41404, 'system.ssh-port', '22'),
(20729, 41408, 'system.ssh-port', '22'),
(20735, 41416, 'system.ssh-port', '22'),
(20946, 26544, 'system.ssh-port', '22'),
(20956, 26543, 'system.ssh-port', '22'),
(20979, 16162, 'system.ssh-port', '22'),
(20982, 18015, 'system.ssh-port', '22'),
(20983, 18017, 'system.ssh-port', '22'),
(20984, 24159, 'system.ssh-port', '22'),
(20985, 25958, 'system.ssh-port', '22'),
(20986, 27507, 'system.ssh-port', '22'),
(20987, 16161, 'system.ssh-port', '22'),
(20988, 18367, 'system.ssh-port', '22'),
(20990, 18016, 'system.ssh-port', '22'),
(20991, 18018, 'system.ssh-port', '22'),
(20992, 24156, 'system.ssh-port', '22'),
(20993, 25957, 'system.ssh-port', '22'),
(20994, 27482, 'system.ssh-port', '22'),
(20995, 33206, 'system.ssh-port', '22'),
(20996, 18368, 'system.ssh-port', '22'),
(21396, 16164, 'system.ssh-port', '22'),
(21757, 16163, 'system.ssh-port', '22'),
(23129, 41403, 'system.ssh-port', '22'),
(23130, 41407, 'system.ssh-port', '22'),
(23131, 41405, 'system.ssh-port', '22'),
(23132, 44731, 'system.ssh-port', '22'),
(23133, 41409, 'system.ssh-port', '22'),
(23134, 41411, 'system.ssh-port', '22'),
(23135, 41415, 'system.ssh-port', '22'),
(23136, 41413, 'system.ssh-port', '22'),
(23137, 44732, 'system.ssh-port', '22'),
(23551, 22461, 'system.ssh-port', '22'),
(23552, 45283, 'system.ssh-port', '22'),
(23605, 38240, 'system.ssh-port', '22'),
(23606, 38355, 'system.ssh-port', '22'),
(23607, 38244, 'system.ssh-port', '22'),
(23608, 38242, 'system.ssh-port', '22'),
(23609, 38353, 'system.ssh-port', '22'),
(23610, 39551, 'system.ssh-port', '22'),
(23614, 39552, 'system.ssh-port', '22'),
(23615, 38246, 'system.ssh-port', '22'),
(23616, 38356, 'system.ssh-port', '22'),
(23617, 38245, 'system.ssh-port', '22'),
(23618, 38243, 'system.ssh-port', '22'),
(23619, 38354, 'system.ssh-port', '22'),
(24408, 31011, 'system.ssh-port', '22'),
(24409, 25955, 'system.ssh-port', '22'),
(24410, 27506, 'system.ssh-port', '22'),
(24411, 18617, 'system.ssh-port', '22'),
(24412, 31024, 'system.ssh-port', '22'),
(24413, 24154, 'system.ssh-port', '22'),
(24415, 18620, 'system.ssh-port', '22'),
(24416, 18624, 'system.ssh-port', '22'),
(24417, 25952, 'system.ssh-port', '22'),
(24418, 26542, 'system.ssh-port', '22'),
(24419, 27481, 'system.ssh-port', '22'),
(24420, 24151, 'system.ssh-port', '22'),
(24421, 26539, 'system.ssh-port', '22'),
(24423, 18619, 'system.ssh-port', '22'),
(24424, 18615, 'system.ssh-port', '22'),
(24425, 18623, 'system.ssh-port', '22'),
(24427, 33205, 'system.ssh-port', '22'),
(24428, 18616, 'system.ssh-port', '22'),
(24429, 18621, 'system.ssh-port', '22'),
(24430, 18618, 'system.ssh-port', '22'),
(24431, 18622, 'system.ssh-port', '22');


INSERT INTO `role_tags` (`id`, `role_id`, `tag`) VALUES
(17189, 16161, 'ec2.ebs'),
(17181, 16162, 'ec2.ebs'),
(18115, 16163, 'ec2.ebs'),
(17626, 16164, 'ec2.ebs'),
(17184, 18015, 'ec2.ebs'),
(17192, 18016, 'ec2.ebs'),
(17185, 18017, 'ec2.ebs'),
(17193, 18018, 'ec2.ebs'),
(17190, 18367, 'ec2.ebs'),
(17198, 18368, 'ec2.ebs'),
(21405, 18615, 'ec2.ebs'),
(21412, 18616, 'ec2.ebs'),
(21382, 18617, 'ec2.ebs'),
(21416, 18618, 'ec2.ebs'),
(21404, 18619, 'ec2.ebs'),
(21389, 18620, 'ec2.ebs'),
(21413, 18621, 'ec2.ebs'),
(21417, 18622, 'ec2.ebs'),
(21406, 18623, 'ec2.ebs'),
(21390, 18624, 'ec2.ebs'),
(20293, 22461, 'ec2.ebs'),
(20294, 22461, 'ec2.hvm'),
(21396, 24151, 'ec2.ebs'),
(21384, 24154, 'ec2.ebs'),
(17194, 24156, 'ec2.ebs'),
(17186, 24159, 'ec2.ebs'),
(2612, 25052, 'ec2.ebs'),
(2615, 25056, 'ec2.ebs'),
(2684, 25162, 'ec2.ebs'),
(2685, 25163, 'ec2.ebs'),
(21391, 25952, 'ec2.ebs'),
(21380, 25955, 'ec2.ebs'),
(17195, 25957, 'ec2.ebs'),
(17187, 25958, 'ec2.ebs'),
(21402, 26539, 'ec2.ebs'),
(21392, 26542, 'ec2.ebs'),
(17158, 26543, 'ec2.ebs'),
(17148, 26544, 'ec2.ebs'),
(21395, 27481, 'ec2.ebs'),
(17196, 27482, 'ec2.ebs'),
(21381, 27506, 'ec2.ebs'),
(17188, 27507, 'ec2.ebs'),
(5607, 28917, 'ec2.ebs'),
(5609, 28921, 'ec2.ebs'),
(5610, 28922, 'ec2.ebs'),
(5612, 28925, 'ec2.ebs'),
(21373, 31011, 'ec2.ebs'),
(21383, 31024, 'ec2.ebs'),
(21411, 33205, 'ec2.ebs'),
(17197, 33206, 'ec2.ebs'),
(10909, 35144, 'ec2.ebs'),
(10910, 35144, 'ec2.hvm'),
(20362, 38240, 'ec2.ebs'),
(13765, 38241, 'ec2.ebs'),
(20370, 38242, 'ec2.ebs'),
(20386, 38243, 'ec2.ebs'),
(20369, 38244, 'ec2.ebs'),
(20385, 38245, 'ec2.ebs'),
(20383, 38246, 'ec2.ebs'),
(20371, 38353, 'ec2.ebs'),
(20388, 38354, 'ec2.ebs'),
(20368, 38355, 'ec2.ebs'),
(20384, 38356, 'ec2.ebs'),
(20372, 39551, 'ec2.ebs'),
(20382, 39552, 'ec2.ebs'),
(16485, 41353, 'ec2.ebs'),
(16486, 41353, 'ec2.hvm'),
(16764, 41402, 'ec2.ebs'),
(19791, 41403, 'ec2.ebs'),
(16768, 41404, 'ec2.ebs'),
(19793, 41405, 'ec2.ebs'),
(16767, 41406, 'ec2.ebs'),
(19792, 41407, 'ec2.ebs'),
(16769, 41408, 'ec2.ebs'),
(19795, 41409, 'ec2.ebs'),
(16756, 41410, 'ec2.ebs'),
(19796, 41411, 'ec2.ebs'),
(16754, 41412, 'ec2.ebs'),
(19798, 41413, 'ec2.ebs'),
(16757, 41414, 'ec2.ebs'),
(19797, 41415, 'ec2.ebs'),
(16777, 41416, 'ec2.ebs'),
(19794, 44731, 'ec2.ebs'),
(20295, 45283, 'ec2.ebs'),
(20296, 45283, 'ec2.hvm');


INSERT INTO `role_security_rules` (`id`, `role_id`, `rule`) VALUES
(18921, 25052, 'icmp:-1:-1:0.0.0.0/0'),
(18922, 25052, 'tcp:22:22:0.0.0.0/0'),
(18923, 25052, 'tcp:8013:8013:0.0.0.0/0'),
(18924, 25052, 'udp:8014:8014:0.0.0.0/0'),
(18925, 25052, 'udp:161:162:0.0.0.0/0'),
(18933, 25056, 'icmp:-1:-1:0.0.0.0/0'),
(18934, 25056, 'tcp:22:22:0.0.0.0/0'),
(18935, 25056, 'tcp:8013:8013:0.0.0.0/0'),
(18936, 25056, 'udp:8014:8014:0.0.0.0/0'),
(18937, 25056, 'udp:161:162:0.0.0.0/0'),
(19301, 25162, 'icmp:-1:-1:0.0.0.0/0'),
(19302, 25162, 'tcp:22:22:0.0.0.0/0'),
(19303, 25162, 'tcp:8013:8013:0.0.0.0/0'),
(19304, 25162, 'udp:8014:8014:0.0.0.0/0'),
(19305, 25162, 'udp:161:162:0.0.0.0/0'),
(19306, 25163, 'icmp:-1:-1:0.0.0.0/0'),
(19307, 25163, 'tcp:22:22:0.0.0.0/0'),
(19308, 25163, 'tcp:8013:8013:0.0.0.0/0'),
(19309, 25163, 'udp:8014:8014:0.0.0.0/0'),
(19310, 25163, 'udp:161:162:0.0.0.0/0'),
(51772, 35144, 'icmp:-1:-1:0.0.0.0/0'),
(51773, 35144, 'tcp:22:22:0.0.0.0/0'),
(51774, 35144, 'tcp:8013:8013:0.0.0.0/0'),
(51775, 35144, 'udp:8014:8014:0.0.0.0/0'),
(51776, 35144, 'udp:161:162:0.0.0.0/0'),
(66839, 41353, 'icmp:-1:-1:0.0.0.0/0'),
(66840, 41353, 'tcp:22:22:0.0.0.0/0'),
(72635, 44731, 'icmp:-1:-1:0.0.0.0/0'),
(72636, 44731, 'tcp:22:22:0.0.0.0/0'),
(72637, 44732, 'icmp:-1:-1:0.0.0.0/0'),
(72638, 44732, 'tcp:22:22:0.0.0.0/0'),
(72639, 44732, 'tcp:3306:3306:0.0.0.0/0'),
(72640, 44732, 'tcp:80:80:0.0.0.0/0'),
(72641, 44732, 'tcp:443:443:0.0.0.0/0'),
(73700, 22461, 'icmp:-1:-1:0.0.0.0/0'),
(73701, 22461, 'tcp:22:22:0.0.0.0/0'),
(73702, 22461, 'tcp:8013:8013:0.0.0.0/0'),
(73703, 22461, 'udp:8014:8014:0.0.0.0/0'),
(73704, 22461, 'udp:161:162:0.0.0.0/0'),
(73705, 45283, 'icmp:-1:-1:0.0.0.0/0'),
(73706, 45283, 'tcp:22:22:0.0.0.0/0');




--
-- Dumping data for table `account_users`
--

INSERT INTO `account_users` (`id`, `account_id`, `status`, `email`, `fullname`, `password`, `dtcreated`, `dtlastlogin`, `type`, `comments`) VALUES
(1, 0, 'Active', 'admin', 'Scalr Admin', '8c6976e5b5410415bde908bd4dee15dfb167a9c873fc4bb8a81f6f2ab448a918', '2011-09-09 10:49:07', '2011-12-06 02:28:16', 'ScalrAdmin', NULL);
--
-- Dumping data for table `config`
--

INSERT INTO `config` (`id`, `key`, `value`) VALUES
(3, 'cryptokey', '7FgbqO4o!jdionAj'),
(4, 'crypto_algo', 'SHA256'),
(1595, 'namedconftpl', 'zone "{zone}" {\r\n   type master;\r\n   file "{db_filename}";\r\n   allow-transfer { {allow_transfer}; };\r\n   {also-notify}\r\n};'),
(1609, 'snmptrap_path', '/usr/bin/snmptrap'),
(1769, 'email_address', 'admin@example.com'),
(1770, 'email_name', 'examole'),
(1771, 'email_dsn', ''),
(1772, 'team_emails', ''),
(1782, 'secgroup_prefix', 'cfarms.'),
(1783, 's3cfg_template', '[default]\r\naccess_key = XXXXXX\r\nacl_public = False\r\nforce = False\r\nhuman_readable_sizes = False\r\nrecv_chunk = 4096\r\nsecret_key = XXXXXkESm\r\nsend_chunk = 4096\r\nverbosity = WARNING'),
(1784, 'client_max_instances', '20'),
(1791, 'http_proto', 'http'),
(1792, 'eventhandler_url', 'domainname.com'),
(1793, 'reboot_timeout', '300'),
(1794, 'launch_timeout', '300'),
(1795, 'cron_processes_number', '5'),
(1796, 'app_sys_ipaddress', '192.168.1.1');

--
-- Dumping data for table `default_records`
--

INSERT INTO `default_records` (`id`, `clientid`, `type`, `ttl`, `priority`, `value`, `name`) VALUES
(1, 0, 'CNAME', 14400, 0, '%hostname%', 'www');

--
-- Dumping data for table `ipaccess`
--

INSERT INTO `ipaccess` (`id`, `ipaddress`, `comment`) VALUES
(1, '*.*.*.*', 'Disable IP whitelist');

--
-- Dumping data for table `scaling_metrics`
--

INSERT INTO `scaling_metrics` (`id`, `client_id`, `env_id`, `name`, `file_path`, `retrieve_method`, `calc_function`, `algorithm`, `alias`) VALUES
(1, 0, 0, 'LoadAverages', NULL, NULL, 'avg', 'Sensor', 'la'),
(2, 0, 0, 'FreeRam', NULL, NULL, 'avg', 'Sensor', 'ram'),
(3, 0, 0, 'URLResponseTime', NULL, NULL, NULL, 'Sensor', 'http'),
(4, 0, 0, 'SQSQueueSize', NULL, NULL, NULL, 'Sensor', 'sqs'),
(5, 0, 0, 'DateAndTime', NULL, NULL, NULL, 'DateTime', 'time'),
(6, 0, 0, 'BandWidth', NULL, NULL, NULL, 'Sensor', 'bw');

--
-- Dumping data for table `scripts`
--

INSERT INTO `scripts` (`id`, `name`, `description`, `origin`, `dtadded`, `issync`, `clientid`, `approval_state`) VALUES
(1844, 'Simulate load', 'Simulate high Load Average with cpuburn', 'Shared', '2011-04-26 20:38:32', 0, 0, 'Approved'),
(90, 'Bundle MySQL data', 'Bundle MySQL data, split it into chunks and upload to S3', 'Shared', '2009-01-21 09:47:26', 0, 0, 'Approved'),
(80, 'nginx backend reload', 'Reload nginx upstreams list', 'Shared', '2009-01-16 08:51:16', 0, 0, 'Approved'),
(71, 'Generate /etc/hosts for local resolve', 'Generate /etc/hosts from /etc/aws/hosts', 'Shared', '2009-01-12 16:34:26', 0, 0, 'Approved'),
(70, 'Enable essential Apache Modules', 'enable essential Apache modules', 'Shared', '2009-01-10 16:03:11', 0, 0, 'Approved'),
(51, 'rebuild /etc/aws/hosts', 'Rebuild /etc/aws/hosts', 'Shared', '2008-12-19 05:47:25', 0, 0, 'Approved'),
(50, 'Set terminal prompt', 'Beautify shell prompt', 'Shared', '2008-12-17 10:24:46', 0, 0, 'Approved'),
(39, 'Do not fetch MySQL snapshot', 'Create a flag that makes mysql master skip snapshot fetch upon init', 'Shared', '2008-12-13 08:31:20', 0, 0, 'Approved'),
(4, 'Git clone', 'Clone a git repository', 'Shared', '2008-10-24 15:04:41', 1, 0, 'Approved'),
(3, 'SVN checkout', 'Checkout from SVN repository', 'Shared', '2008-10-23 19:42:21', 1, 0, 'Approved'),
(1, 'SVN update', 'Update a working copy from SVN repository', 'Shared', '2008-10-23 19:41:07', 1, 0, 'Approved'),
(2, 'SVN export', 'Export SVN repository to local directory', 'Shared', '2008-10-22 15:30:46', 0, 0, 'Approved'),
(1845, 'Stop load simulation', 'Stop any running cpuburn process', 'Shared', '2011-04-26 20:40:24', 0, 0, 'Approved'),
(2102, 'Scalarizr update', 'Updates scalarizr to the latest version', 'Shared', '2011-06-01 05:42:42', 0, 0, 'Approved'),
(2720, 'Strict iptables', 'Allow connections to this instance only from other farm instances, Scalr.net IP pool and whitelisted IPs (separated with space)', 'Shared', '2011-09-16 05:59:02', 0, 0, 'Approved');

--
-- Dumping data for table `script_revisions`
--

INSERT INTO `script_revisions` (`id`, `scriptid`, `revision`, `script`, `dtcreated`, `approval_state`) VALUES
(32, 2720, 1, '#!/bin/bash\n\nIPTABLES="/sbin/iptables"\n# Whitelisted IPs, separated by space\nIP_WHITELIST="%ip_whitelist%"\n\nSCALR_IPS=""\nFARM_IPS=""\n\nif [ ! -x $IPTABLES ]; then\n	echo "$IPTABLES not found." >&2\n\n	exit 1\nfi\n\nif [ -d /etc/scalr/private.d/hosts ]; then\n	DIRNAME="/etc/scalr/private.d/hosts"\nelif [ -d /etc/aws/hosts ]; then\n	DIRNAME="/etc/aws/hosts"\nelse\n	echo "Can''t find farm instances IP addresses in /etc/scalr/private.d/hosts or /etc/aws/hosts" >&2\n	echo "Not modifying firewall rules" >&2\n\n	exit 1\nfi\n\nfor FARM_IP in `find $DIRNAME -type f`; do\n	FARM_IP=`basename $FARM_IP`\n	FARM_IPS="$FARM_IPS $FARM_IP"\ndone\n\nif [ -z "$FARM_IPS" ]; then\n	echo "Can''t find farm instances IP addresses." >&2\n	echo "Not modifying firewall rules" >&2\n\n	exit 1\nfi\n\nif ! SCALR_IPS=`dig +short ip-pool.scalr.net` || [ -z "$SCALR_IPS" ]; then\n	echo "Can''t fetch Scalr IP addresses list. Check whether ''dig'' utility is installed." >&2\n	echo "Not modifying firewall rules" >&2\n\n	exit 1\nfi\n\n$IPTABLES -P INPUT ACCEPT\n\nif ! $IPTABLES -F FARM 2>/dev/null; then\n	$IPTABLES -N FARM\nfi\n\nfor IP2WHITELIST in $FARM_IPS; do\n	$IPTABLES -A FARM -p all -s $IP2WHITELIST -j ACCEPT\ndone\n\nif ! $IPTABLES -F SCALR 2>/dev/null; then\n	$IPTABLES -N SCALR\nfi\n\nfor IP2WHITELIST in $SCALR_IPS; do\n	$IPTABLES -A SCALR -p all -s $IP2WHITELIST -j ACCEPT\ndone\n\nif [ "$IP_WHITELIST" ]; then\n	for IP2WHITELIST in $IP_WHITELIST; do\n		$IPTABLES -A SCALR -p all -s $IP2WHITELIST -j ACCEPT \n	done\nfi\n\n$IPTABLES -D INPUT -i lo -j ACCEPT\n$IPTABLES -D INPUT -p ALL -m state --state ESTABLISHED,RELATED -j ACCEPT\n$IPTABLES -D INPUT -p ALL -j FARM\n$IPTABLES -D INPUT -p ALL -j SCALR\n\n$IPTABLES -I INPUT 1 -i lo -j ACCEPT\n$IPTABLES -I INPUT 2 -p ALL -m state --state ESTABLISHED,RELATED -j ACCEPT\n$IPTABLES -I INPUT 3 -p ALL -j FARM\n$IPTABLES -I INPUT 4 -p ALL -j SCALR\n$IPTABLES -P INPUT DROP', '2011-09-16 05:59:02', 'Approved'),
(30, 1845, 1, '#!/bin/bash\n\nkillall -9 burnP6 >/dev/null 2>&1\nkillall -9 burnMMX >/dev/null 2>&1\nkillall -9 burnP5 >/dev/null 2>&1\nkillall -9 burnBX >/dev/null 2>&1\nkillall -9 burnK7 >/dev/null 2>&1\nkillall -9 burnK6 >/dev/null 2>&1\n', '2011-04-26 20:40:24', 'Approved'),
(31, 2102, 1, '#!/bin/bash\n\nset -x\n\nif [ -f /usr/bin/yum ]; then\n    yum -y update scalarizr || :\n    yum -y update scalarizr-ec2 || :\n    yum -y update scalarizr-rackspace || :\nelse\n    apt-get update\n    export DEBIAN_FRONTEND=noninteractive\n    export DEBIAN_PRIORITY=critical\n\n    version=$(scalarizr -v 2>/dev/null | awk ''{ print $2 }'')\n    if dpkg --compare-versions "$version" lt ''0.7.0''; then\n        apt-get -y install scalarizr\n    else\n         platform=$(cat /etc/scalr/public.d/config.ini | grep ''platform\\s*='' | cut -d ''='' -f 2 | sed -e ''s/^\\s*//'' | sed -e ''s/\\s*$//'')\n         apt-get install -y scalarizr scalarizr-${platform}\n    fi\nfi', '2011-06-01 05:42:42', 'Approved'),
(29, 1844, 1, '#!/bin/bash\n\nif ! dpkg -s cpuburn >/dev/null 2>&1; then\n    apt-get install -y -y -q cpuburn\nfi\n\nif [ ! -x /usr/bin/burnP6 ]; then\n    echo "cpuburn cannot be installed on this instance." >&2\n\n    exit\nfi\n\n/usr/bin/burnP6 &\n/usr/bin/burnMMX &\n/usr/bin/burnP5 &\n/usr/bin/burnBX &\n/usr/bin/burnK7 &\n/usr/bin/burnK6 &\n', '2011-04-26 20:38:32', 'Approved'),
(25, 70, 1, '#!/bin/bash\necho "Enabling mod_rewrite..."\ntest -f "/etc/apache2/mods-available/rewrite.load" && ln -s /etc/apache2/mods-available/rewrite.load /etc/apache2/mods-enabled/rewrite.load\n\necho "Restarting Apache..."\n/etc/init.d/apache2 restart\n\n\n', '2009-01-10 16:03:11', 'Approved'),
(26, 71, 1, '#!/bin/bash\n\nif [ -s /etc/hosts ]; then\n        mv /etc/hosts /etc/hosts.save\nfi\n\ncat << EOLH > /etc/hosts\n127.0.0.1       localhost\n127.0.1.1       ubuntu\n\n# The following lines are desirable for IPv6 capable hosts\n::1     ip6-localhost ip6-loopback\nfe00::0 ip6-localnet\nff00::0 ip6-mcastprefix\nff02::1 ip6-allnodes\nff02::2 ip6-allrouters\nff02::3 ip6-allhosts\n\nEOLH\n\nfor ROLEDIR in /etc/aws/hosts/*; do\n        ROLE=`basename $ROLEDIR`\n\n        [ -z "$ROLE" ] && continue\n\n        for IPFILE in /etc/aws/hosts/$ROLE/*; do\n                IP=`basename $IPFILE`\n\n                [ -z "$IP" ] && continue\n\n                echo "$IP $ROLE int-$ROLE" >> /etc/hosts\n        done\ndone\n\n\n\n', '2009-01-12 16:34:26', 'Approved'),
(27, 80, 1, '#!/bin/bash\n\nif [ -r /usr/local/aws/lib/lib.sh ]; then\n        . /usr/local/aws/lib/lib.sh\nelse\n        echo "Error: /usr/local/aws/lib/lib.sh does not exist."\n\n        exit 1\nfi\n\nif [ -r /usr/local/aws/lib/nginxlib.sh ]; then\n        . /usr/local/aws/lib/nginxlib.sh\nelse\n        echo "Error: /usr/local/aws/lib/nginxlib.sh does not exist."\n\n        exit 1\nfi\n\nif [ -r /etc/aws/host.conf ]; then\n        . /etc/aws/host.conf\nelse\n        echo "Error: /etc/aws/host.conf does not exist."\n\n        exit 1\nfi\n\nif [ "$SERVER_ROLE" ] && [ "$SERVER_ROLE" = "www" ]; then\n        if type nginx_upstream_reload > /dev/null 2>/dev/null; then\n                nginx_upstream_reload\n        elif type reload_nginx_upstream > /dev/null 2>/dev/null; then\n                reload_nginx_upstream\n        else\n                echo "Error: nginx backend reconfiguration routine not defined."\n\n                exit 1\n        fi\nelse\n        echo "Error: not a www instance."\n\n        exit 1\nfi\n', '2009-01-16 08:51:16', 'Approved'),
(28, 90, 1, '#!/bin/bash\n\ntest -r /etc/aws/host.conf && . /etc/aws/host.conf\ntest -r /etc/aws/farmconfig && . /etc/aws/farmconfig\ntest -r /etc/aws/authconfig && . /etc/aws/authconfig\n\ntest -r /usr/local/aws/lib/lib.sh && . /usr/local/aws/lib/lib.sh\ntest -r /usr/local/aws/lib/mysqllib.sh && . /usr/local/aws/lib/mysqllib.sh\ntest -r /usr/local/aws/lib/s3lib.sh && . /usr/local/aws/lib/s3lib.sh\n\nMYSQLD_PID_FILE=`mysqld_get_param pid-file`\nMYSQLD_DATA_DIR=`mysqld_get_param datadir`\nBUCKET_NAME_MYSQL="$BUCKET_NAME/farm-mysql"\nMYSQL_CMD="/usr/bin/mysql --defaults-file=/etc/mysql/debian.cnf --batch"\nDATA_BUNDLE=""\n\nif lvm_enabled; then\n        . /etc/scalr_lvm.conf\nfi\n\n# Trying to lock\nif ! LPID=`mysql_data_bundle_lock`; then\n        loga "MySQL data bundle already in progress (PID: $LPID)."\n\n        exit 1\nfi\n\nlogq "Bundling MySQL data."\n\nif lvm_enabled; then\n        SNAP_DESTDIR="$LV_MISC_MPT/snapshot"\n        SNAP_SRCDIR="$LV_SNAP_MPT"\nelse\n        SNAP_DESTDIR=`mktemp -d -p /mnt`\n        SNAP_SRCDIR="/mnt/mysql-data-snapshot"\nfi\n\n[ -d $SNAP_DESTDIR ] || mkdir -p $SNAP_DESTDIR\n\nlogq "Locking tables and creating data snapshot."\n\n$MYSQL_CMD -e "FLUSH TABLES WITH READ LOCK; SYSTEM /usr/local/aws/bin/mysql-data-bundle.sh; UNLOCK TABLES"\n\nif [ -f $SNAP_SRCDIR/master-snap.conf ]; then\n        cp $SNAP_SRCDIR/master-snap.conf /etc/mysql/\n\n        if [ -r /etc/mysql/master-snap.conf ]; then\n                . /etc/mysql/master-snap.conf\n\n                if [ "$STATUS_USER" ] && [ "$STATUS_PASS" ]; then\n                        $MYSQL_CMD -e "GRANT REPLICATION CLIENT ON *.* TO ''$STATUS_USER''@''%'' identified by ''$STATUS_PASS''"\n                fi\n        fi\nelse\n        loga "Snapshot creation failed!"\n\n        if lvm_enabled; then\n                umount $LV_SNAP_MPT || echo -n\n                /sbin/lvremove -f /dev/$VG_NAME/$LV_SNAP_NAME >/dev/null 2>&1 || echo -n\n        fi\n\n        mysql_data_bundle_unlock\n\n        exit 1\nfi\n\n# InnoDB recovery\nlogq "Starting InnoDB recovery on the snapshot."\n\nif mysql_innodb_recover $SNAP_SRCDIR/mysql; then\n        logq "InnoDB recovery performed successfully."\nelse\n        loga "Failed to perform InnoDB recovery, snapshot corrupt!"\nfi\n\nlogq "Creating archive and splitting it into chunks."\n\n#\n# split snapshot into 150MB chunks (S3 allows files of up to 5G to be stored)\n#\ntar -cf - -C $SNAP_SRCDIR . | split -a 3 -b 150M - $SNAP_DESTDIR/mysql-snapshot.tar.\n\n# If RC!=0 or no files have been created\nif [ "$?" != "0" ] || ! ls $SNAP_DESTDIR/mysql-snapshot.tar.* >/dev/null 2>&1; then\n        loga "Failed to create snapshot."\n\n        mysql_data_bundle_unlock\n\n        exit 1\nfi\n\n[ -s $SNAP_DESTDIR/mysql-snapshot.index ] && rm $SNAP_DESTDIR/mysql-snapshot.index\n\n# Count snapshot chunks and their size\n\nSNAP_PARTS=0\nSNAP_SIZE=0\n\nfor CUR_VOLUME in $SNAP_DESTDIR/mysql-snapshot.tar.*; do\n        [ -r "$CUR_VOLUME" ] || continue\n\n        CHUNK_SIZE=`du -sm "$CUR_VOLUME" | awk ''{ print $1 }''`\n\n        SNAP_PARTS=$[ $SNAP_PARTS + 1 ]\n        SNAP_SIZE=$[ $SNAP_SIZE + $CHUNK_SIZE ]\n\n        echo "$CUR_VOLUME" >> $SNAP_DESTDIR/mysql-snapshot.index\ndone\n\nlogq "Snapshot created: $SNAP_PARTS chunks, total size: $SNAP_SIZE MB."\n\n[ -r $SNAP_DESTDIR/mysql-snapshot.index ] && DATA_BUNDLE="$SNAP_DESTDIR/mysql-snapshot.index"\n\nif lvm_enabled; then\n        logq "Unmounting LVM snapshot."\n\n        umount $LV_SNAP_MPT\n\n        /sbin/lvremove -f /dev/$VG_NAME/$LV_SNAP_NAME >/dev/null 2>&1\nelse\n        rm -r $SNAP_SRCDIR\nfi\n\nif [ -z "$DATA_BUNDLE" ] || [ ! -s "$DATA_BUNDLE" ]; then\n        loga "Failed to bundle MySQL data."\n        mysql_data_bundle_unlock\n\n        exit 1\nelse\n        log "Successfully bundled MySQL data to ''$DATA_BUNDLE''."\nfi\n\n# And upload it to S3\n\nif mysql_upload_bundle "$DATA_BUNDLE" "s3://$BUCKET_NAME_MYSQL"; then\n        SNAP_FNAME="`basename "$DATA_BUNDLE"`"\n        ec2_submit_event mysqlBckComplete "operation:bundle;snapurl:$BUCKET_NAME_MYSQL/$SNAP_FNAME"\n        log "Successfully uploaded MySQL data bundle to ''s3://$BUCKET_NAME_MYSQL/$SNAP_FNAME''."\n\n        mysql_delete_bundle "$DATA_BUNDLE"\n        mysql_data_bundle_unlock\nelse\n        loga "Failed to upload MySQL data bundle to S3."\n        mysql_data_bundle_unlock\n\n        exit 1\nfi\n', '2009-01-21 09:47:26', 'Approved'),
(21, 39, 1, '#!/bin/sh\n\ntouch /etc/aws/mysql_master_do_not_fetch_snapshot\n', '2008-12-13 08:31:20', 'Approved'),
(22, 50, 1, '#!/bin/bash\n\nPROMPT_FORMAT="%prompt_format%"\n\nif [ -z "$PROMPT_FORMAT" ]; then\n        PROMPT_FORMAT="\\u@@ROLE@[@IP@]:\\w\\\\\\$ "\nfi\n\nEXT_IP=`curl -s http://169.254.169.254/latest/meta-data/public-ipv4`\n\nif [ -f /etc/aws/host.conf ]; then\n        . /etc/aws/host.conf\n\n        if [ "$USER_ROLE" ]; then\n                ROLE="$USER_ROLE"\n        elif [ "$SERVER_ROLE" ]; then\n                ROLE="$SERVER_ROLE"\n        else\n                ROLE="unknown"\n        fi\n\n        if [ "$MYSQL_ROLE" ]; then\n                ROLE="$ROLE-$MYSQL_ROLE"\n        fi\nelse\n        ROLE="unknown"\nfi\n\nPROMPT_FORMAT=`echo "$PROMPT_FORMAT" | sed -e "s/@IP@/$EXT_IP/g" -e "s/@ROLE@/$ROLE/g" -e ''s/\\\\\\$/\\\\\\\\\\$/g''`\n\nif [ "$PROMPT_FORMAT" ]; then\n        echo "PS1=''$PROMPT_FORMAT''" >> /root/.bashrc\nfi\n', '2008-12-17 10:24:46', 'Approved'),
(23, 51, 1, '#!/bin/bash\n\nif [ -f /usr/local/aws/lib/lib.sh ]; then\n        . /usr/local/aws/lib/lib.sh\nelse\n        echo "/usr/local/aws/lib/lib.sh does not exist. Exiting."\n        exit\nfi\n\nif [ -d /etc/aws/hosts ]; then\n        rm -r /etc/aws/hosts\n\n        mkdir -p /etc/aws/hosts\nfi\n\n# Fill /etc/aws/hosts with farm hosts IPs\n\nMASTER_IP=`ec2_get_option_val db.mysql.master.ip`\n\nMYSQL_CUSTOM_ROLE=""\n\nfor HOST_ROLE in `ec2_listroles`; do\n        [ -d /etc/aws/hosts/$HOST_ROLE ] || mkdir -p /etc/aws/hosts/$HOST_ROLE\n\n        for HOST_IP in `ec2_listhosts $HOST_ROLE`; do\n                [ -f /etc/aws/hosts/$HOST_ROLE/$HOST_IP ] || touch /etc/aws/hosts/$HOST_ROLE/$HOST_IP\n\n                if [ "$HOST_ROLE" = "mysql" ]; then\n                        if [ "$MASTER_IP" != "$HOST_IP" ]; then\n                                [ -d /etc/aws/hosts/mysql-slave ]  || mkdir -p /etc/aws/hosts/mysql-slave\n                                touch /etc/aws/hosts/mysql-slave/$HOST_IP\n                        else\n                                [ -d /etc/aws/hosts/mysql-master ] || mkdir -p /etc/aws/hosts/mysql-master\n                                touch /etc/aws/hosts/mysql-master/$HOST_IP\n                        fi\n                fi\n\n                if [ "$MASTER_IP" ] && [ "$HOST_IP" == "$MASTER_IP" ] && [ "$HOST_ROLE" != "mysql" ]; then\n                        MYSQL_CUSTOM_ROLE="$HOST_ROLE"\n                fi\n        done\ndone\n\nif [ "$MYSQL_CUSTOM_ROLE" ]; then\n        for HOST_IP in `ec2_listhosts $MYSQL_CUSTOM_ROLE`; do\n                if [ "$HOST_IP" != "$MASTER_IP" ]; then\n                        [ -d /etc/aws/hosts/$MYSQL_CUSTOM_ROLE-slave  ] || mkdir -p /etc/aws/hosts/$MYSQL_CUSTOM_ROLE-slave\n                        touch /etc/aws/hosts/$MYSQL_CUSTOM_ROLE-slave/$HOST_IP\n                else\n                        [ -d /etc/aws/hosts/$MYSQL_CUSTOM_ROLE-master ] || mkdir -p /etc/aws/hosts/$MYSQL_CUSTOM_ROLE-master\n                        touch /etc/aws/hosts/$MYSQL_CUSTOM_ROLE-master/$HOST_IP\n                fi\n        done\nfi\n', '2008-12-19 05:47:25', 'Approved'),
(24, 51, 2, '#!/bin/bash\n\nif [ -f /usr/local/aws/lib/lib.sh ]; then\n        . /usr/local/aws/lib/lib.sh\nelse\n        echo "/usr/local/aws/lib/lib.sh does not exist. Exiting."\n        exit\nfi\n\nif [ -d /etc/aws/hosts ]; then\n        rm -r /etc/aws/hosts\n\n        mkdir -p /etc/aws/hosts\nfi\n\n# Fill /etc/aws/hosts with farm hosts IPs\n\nTMP_DIR=`mktemp -d`\nXMLSTARLET_PATH="/usr/bin/xmlstarlet"\n\nif [ ! -x $XMLSTARLET_PATH ]; then\n        loga "Cannot build /etc/aws/hosts: $XMLSTARLET_PATH not found."\n\n        exit 1\nfi\n\nif ! ec2_get_option_query_env list-roles > $TMP_DIR/roles.xml; then\n        loga "Cannot rertrieve farm hosts list from Scalr."\n\n        rm -r $TMP_DIR\nfi\n\nif [ ! -s $TMP_DIR/roles.xml ]; then\n        # logq "Farm hosts list empty."\n\n        exit 0\nfi\n\nif ! ROLES_COUNT=`$XMLSTARLET_PATH sel -t -v "count(/response/roles/role)" $TMP_DIR/roles.xml`; then\n        loga "Could not parse $TMP_DIR/roles.xml."\n\n        exit 1\nfi\n\nif [ -z "$ROLES_COUNT" ] || [ $ROLES_COUNT -lt 1 ]; then\n        # logq "Farm hosts list empty."\n\n        exit 0\nfi\n\nfor ROLE_ID in `seq 1 $ROLES_COUNT`; do\n        unset ROLE_NAME ROLE_BEHAV\n\n        ROLE_NAME=`$XMLSTARLET_PATH sel -t -v "/response/roles/role[$ROLE_ID]/@name" $TMP_DIR/roles.xml`\n        ROLE_BEHAV=`$XMLSTARLET_PATH sel -t -v "/response/roles/role[$ROLE_ID]/@behaviour" $TMP_DIR/roles.xml`\n\n        if [ -z "$ROLE_NAME" ] && [ -z "$ROLE_BEHAV" ]; then\n                continue\n        fi\n\n        HOSTS_COUNT=`$XMLSTARLET_PATH sel -t -v "count(/response/roles/role[$ROLE_ID]/hosts/host)" $TMP_DIR/roles.xml`\n\n        if [ -z "$HOSTS_COUNT" ] || [ $HOSTS_COUNT -lt 1 ]; then\n                continue\n        fi\n\n        for HOST_ID in `seq 1 $HOSTS_COUNT`; do\n                HOST_INT_IP=`$XMLSTARLET_PATH sel -t -v "/response/roles/role[$ROLE_ID]/hosts/host[$HOST_ID]/@internal-ip" $TMP_DIR/roles.xml`\n                HOST_REPL_MASTER=`$XMLSTARLET_PATH sel -t -v "/response/roles/role[$ROLE_ID]/hosts/host[$HOST_ID]/@replication-master" $TMP_DIR/roles.xml`\n\n                if [ "$HOST_INT_IP" ] && [ "$ROLE_NAME" ]; then\n                        [ -d /etc/aws/hosts/$ROLE_NAME ] || mkdir -p /etc/aws/hosts/$ROLE_NAME\n\n                        touch /etc/aws/hosts/$ROLE_NAME/$HOST_INT_IP\n                fi\n\n                if [ "$HOST_INT_IP" ] && [ "$ROLE_BEHAV" ]; then\n                        [ -d /etc/aws/hosts/$ROLE_BEHAV ] || mkdir -p /etc/aws/hosts/$ROLE_BEHAV\n\n                        touch /etc/aws/hosts/$ROLE_BEHAV/$HOST_INT_IP\n                fi\n\n                if [ "$HOST_REPL_MASTER" ] && [ $HOST_REPL_MASTER -eq 0 ]; then\n                        [ -d /etc/aws/hosts/$ROLE_NAME-slave ] || mkdir -p /etc/aws/hosts/$ROLE_NAME-slave\n                        [ -d /etc/aws/hosts/$ROLE_BEHAV-slave ] || mkdir -p /etc/aws/hosts/$ROLE_BEHAV-slave\n\n                        touch /etc/aws/hosts/$ROLE_NAME-slave/$HOST_INT_IP\n                        touch /etc/aws/hosts/$ROLE_BEHAV-slave/$HOST_INT_IP\n                fi\n\nif [ "$HOST_REPL_MASTER" ] && [ $HOST_REPL_MASTER -eq 1 ]; then\n                        [ -d /etc/aws/hosts/$ROLE_NAME-master ] || mkdir -p /etc/aws/hosts/$ROLE_NAME-master\n                        [ -d /etc/aws/hosts/$ROLE_BEHAV-master ] || mkdir -p /etc/aws/hosts/$ROLE_BEHAV-master\n\n                        touch /etc/aws/hosts/$ROLE_NAME-master/$HOST_INT_IP\n                        touch /etc/aws/hosts/$ROLE_BEHAV-master/$HOST_INT_IP\n                fi\n        done\ndone\n\nif [ -f $TMP_DIR/roles.xml ]; then\n        rm $TMP_DIR/roles.xml\nfi\n\nif [ -d $TMP_DIR ]; then\n        rmdir $TMP_DIR\nfi\n', '2010-01-13 13:02:14', 'Approved'),
(20, 4, 1, '#!/bin/bash\n\nGIT_PATH="/usr/bin/git"\nGIT_REPO_URL="%git_repo_url%"\nGIT_CL_DIR="%git_co_dir%"\n\n\nif [ -z "$GIT_REPO_URL" ]; then\n        echo "GIT repository URL was not specified." >&2\n\n        exit 1\nfi\n\nif [ -z "$GIT_CL_DIR" ]; then\n        echo "Destination directory was not specified." >&2\n\n        exit 1\nfi\n\nif [ ! -x "$GIT_PATH" ]; then\n        /usr/bin/apt-get -q -y install git-core\n\n        if [ ! -x "$GIT_PATH" ]; then\n                echo "GIT binary is not executable" >&2\n\n                exit 1\n        fi\nfi\n\n$GIT_PATH clone "$GIT_REPO_URL" "$GIT_CL_DIR"\n', '2008-12-02 07:03:36', 'Approved'),
(19, 3, 1, '#!/bin/bash\n\nSVN_PATH="/usr/bin/svn"\nSVN_REPO_URL="%svn_repo_url%"\nSVN_USER="%svn_user%"\nSVN_PASS="%svn_password%"\nSVN_REV="%svn_revision%"\nSVN_CO_DIR="%svn_co_dir%"\n\n\nif [ -z "$SVN_REPO_URL" ]; then\n        echo "SVN repository URL was not specified." >&2\n\n        exit 1\nfi\n\nif [ -z "$SVN_CO_DIR" ]; then\n        echo "Checkout directory was not specified." >&2\n\n        exit 1\nfi\n\nif [ -z "$SVN_PATH" ] || [ ! -x "$SVN_PATH" ]; then\n        echo "SVN binary is not executable" >&2\n\n        exit 1\nfi\n\n[ "$SVN_USER" ] && SVN_USER_STR="--username $SVN_USER"\n[ "$SVN_PASS" ] && SVN_PASS_STR="--password $SVN_PASS"\n[ "$SVN_REV" ]  && SVN_REV_STR="-r $SVN_REV"\n\n[ -d "$SVN_CO_DIR" ] || mkdir -p $SVN_CO_DIR\n\n$SVN_PATH --no-auth-cache --non-interactive $SVN_USER_STR $SVN_PASS_STR checkout $SVN_REV_STR "$SVN_REPO_URL" "$SVN_CO_DIR"\n', '2008-12-02 07:03:36', 'Approved'),
(17, 1, 1, '#!/bin/bash\n\nSVN_PATH="/usr/bin/svn"\nSVN_USER="%svn_user%"\nSVN_PASS="%svn_password%"\nSVN_REV="%svn_revision%"\nSVN_UP_DIR="%svn_co_dir%"\n\n\nif [ -z "$SVN_UP_DIR" ]; then\n        echo "Working copy directory was not specified." >&2\n\n        exit 1\nfi\n\nif [ -z "$SVN_PATH" ] || [ ! -x "$SVN_PATH" ]; then\n        echo "SVN binary is not executable" >&2\n\n        exit 1\nfi\n\n[ "$SVN_USER" ] && SVN_USER_STR="--username $SVN_USER"\n[ "$SVN_PASS" ] && SVN_PASS_STR="--password $SVN_PASS"\n[ "$SVN_REV" ]  && SVN_REV_STR="-r $SVN_REV"\n\n\nif $SVN_PATH --non-interactive --no-auth-cache $SVN_USER_STR $SVN_PASS_STR info "$SVN_UP_DIR" >/dev/null 2>&1; then\n        $SVN_PATH --non-interactive $SVN_USER_STR $SVN_PASS_STR $SVN_REV_STR update "$SVN_UP_DIR"\nfi\n', '2008-12-02 07:03:36', 'Approved'),
(18, 2, 1, '#!/bin/bash\n\nSVN_PATH="/usr/bin/svn"\nSVN_REPO_URL="%svn_repo_url%"\nSVN_USER="%svn_user%"\nSVN_PASS="%svn_password%"\nSVN_REV="%svn_revision%"\nSVN_CO_DIR="%svn_co_dir%"\n\n\nif [ -z "$SVN_REPO_URL" ]; then \n        echo "SVN repository URL was not specified." >&2\n\n        exit 1\nfi\n\nif [ -z "$SVN_CO_DIR" ]; then\n        echo "Checkout directory was not specified." >&2\n\n        exit 1\nfi\n\nif [ -z "$SVN_PATH" ] || [ ! -x "$SVN_PATH" ]; then\n        echo "SVN binary is not executable" >&2\n\n        exit 1\nfi\n\n[ "$SVN_USER" ] && SVN_USER_STR="--username $SVN_USER"\n[ "$SVN_PASS" ] && SVN_PASS_STR="--password $SVN_PASS"\n[ "$SVN_REV" ]  && SVN_REV_STR="-r $SVN_REV"\n\n[ -d "$SVN_CO_DIR" ] || mkdir -p $SVN_CO_DIR\n\n$SVN_PATH --force --non-interactive $SVN_USER_STR $SVN_PASS_STR export $SVN_REV_STR "$SVN_REPO_URL" "$SVN_CO_DIR"\n', '2008-12-02 07:03:36', 'Approved');
